Program;Interface
BP-022SAGERR;
CLOSEUPDATE;
GP-066CHKACC-EZ;
GP-114-ZONCTL;
GP-136-GLEASYQST;
GP-144IBAN;
GP-173-ANSVAL;
DBRAM;
GEASY;
LCSI4;
LIBAN;
RCOCS;
XBESY;
ALBILHOF;
ALBMBHOF;
ALDLLCRSGE ;
ALMRGGAL;
ALTLLCNV;
AUBKEAIS;
AUCRADV;
AUEXRDEV;
AUHKGINBRA;
AUSTM942RT;
AUSTMCCR;
AUSTMKOC;
AUSTMLOJ;
AUSTMLOJ   ;
AUSTMPRC;
AUSTMPRC   ;
AUSTMTLL;
AUTLLWP;
CURXMRECON;
DLCFATF7AD ;
DLDLLPMNT;
DLDLLSEPA;
DLECHANNEL;
DLSMCTPIM1 ;
DLTRXDWH;
DUFLBAT;
DUGRCDACCT;
DUHISPMT;
DULDAEB19;
DULDAEB34;
DULDBACSGB;
DULDBACSIE;
DULDCLEAAT;
DULDCLEAGE;
DULDCLEAIT;
DULDCLEARG;
DULDCUSTM;
DULDDDCRGB;
DULDDTAZV2;
DULDGLBPT;
DULDSWIFT;
DUNAVIS;
DUPAGMENTI;
DUPMT202;
DUPMTVAL;
DUPMTVL202;
DUS101ING;
DUSWF942;
DUSWFCCR;
DUXBRTRPTS;
GLEASYSERV;
GLSWFCNV;
GUREPMGR;
ILMKGDBBMB;
IUDLYABOPT;
IUDLYACCAB;
LLCHKRISAC;
LLCTPCLI;
LULDRISPRC;
LULOADBCOR;
LURISCRE;
MUMKMT100;
MUMKMT101;
TLDLDWH    ;
TLDLVORTE2 ;
XLCREBIG;
XLCREBIGMU;
XUCREPAYM;
