Program_Name;IFS_4P_Module
AACDM;Core_Banking
AADV1;Core_Banking
AADVC;Core_Banking
AADVO;Core_Banking
AAFR5;Core_Banking
AAFRC;Core_Banking
AAFRL;Core_Banking
AAFRO;Core_Banking
AAIS5;Core_Banking
AAISC;Core_Banking
AAISO;Core_Banking
AAS2C;Core_Banking
AASPL;Core_Banking
AASPS;Core_Banking
ABA14;Core_Banking
ABA15;Core_Banking
ABA1L;Core_Banking
ABA1S;Core_Banking
ABA2C;Core_Banking
ABAS1;Core_Banking
ABAS4;Core_Banking
ABAS5;Core_Banking
ABASL;Core_Banking
ABASS;Core_Banking
ABCLL;Financial_Markets
ABCLM;Financial_Markets
ABCLO;Financial_Markets
ABKT5;Core_Banking
ABKTA;Core_Banking
ABKTC;Core_Banking
ABKTL;Core_Banking
ABKTS;Core_Banking
ABUDL;Core_Banking
ABUDS;Core_Banking
AC2IC;Core_Banking
ACH2C;Core_Banking
ACHAC;Core_Banking
ACHIC;Core_Banking
ACHIF;Core_Banking
ACLOG;Core_Banking
ACNVC;Core_Banking
ACVRM;Core_Banking
ACVRO;Core_Banking
ADBA1;Core_Banking
ADBA2;Core_Banking
ADEI5;Core_Banking
ADEIC;Core_Banking
ADEIF;Core_Banking
ADEIO;Core_Banking
ADET1;Core_Banking
ADET4;Core_Banking
ADET5;Core_Banking
ADETL;Core_Banking
ADETS;Core_Banking
ADLG1;Core_Banking
ADLG4;Core_Banking
ADLG5;Core_Banking
ADLGL;Core_Banking
ADLGS;Core_Banking
ADSN4;Core_Banking
ADSNL;Core_Banking
ADSNS;Core_Banking
AEDIC;Core_Banking
AEGAC;Core_Banking
AEV1C;Core_Banking
AEVT5;Core_Banking
AEVTO;Core_Banking
AEXR5;Core_Banking
AEXRL;Core_Banking
AEXRS;Core_Banking
AFOLC;Core_Banking
AFOLO;Core_Banking
AGEX4;Core_Banking
AGEXL;Core_Banking
AGEXS;Core_Banking
AHLB4;Core_Banking
AHLBO;Core_Banking
AHLP1;Core_Banking
AHLP2;Core_Banking
AHVB4;Core_Banking
AHVB5;Core_Banking
AHVB6;Core_Banking
AHVBO;Core_Banking
AIBRL;Core_Banking
AIBRM;Core_Banking
AIBRO;Core_Banking
AINDC;Core_Banking
AINI5;Core_Banking
AINIC;Core_Banking
AINIF;Core_Banking
AINIO;Core_Banking
AINT1;Core_Banking
AINT5;Core_Banking
AINTL;Core_Banking
AINTS;Core_Banking
AISTO;Core_Banking
AJST1;Core_Banking
AJST5;Core_Banking
AJST6;Core_Banking
AJST7;Core_Banking
AJSTC;Core_Banking
AJSTL;Core_Banking
AJSTO;Core_Banking
AKHDCNDO;Core_Banking
ALACCJUS1;Core_Banking
ALACCJUS6;Core_Banking
ALACCJUS8;Core_Banking
ALACCJUS9;Core_Banking
ALACCLST;Core_Banking
ALACPINT;Core_Banking
ALADBAL;Core_Banking
ALADLGS;Core_Banking
ALAFRAUT;Core_Banking
ALAIBRTAB;Core_Banking
ALANTUS;Core_Banking
ALARETAUT;Core_Banking
ALAUBKEBKT;Core_Banking
ALAUBKETAB;Core_Banking
ALAUBKETRC;Core_Banking
ALAUBKETRT;Core_Banking
ALAUDINVCE;Core_Banking
ALBA1AUT;Core_Banking
ALBA1S;Core_Banking
ALBASS;Core_Banking
ALBDP001;Core_Banking
ALBILHOF;Core_Banking
ALBMBHOF;Core_Banking
ALBOE052;Core_Banking
ALBSH187;Core_Banking
ALBSH188;Core_Banking
ALBSH500;Core_Banking
ALBSH600;Core_Banking
ALBSHHOF;Core_Banking
ALBSHXLS;Core_Banking
ALCAUSSTQ;Core_Banking
ALCBI001;Core_Banking
ALCHARGES;Core_Banking
ALCHKDEC;Core_Banking
ALCNDCUSSM;Core_Banking
ALCNVCLSAC;Core_Banking
ALCONDCUST;Core_Banking
ALCPLBAL;Core_Banking
ALCRYMONIT;Payment_And_Cash_Management
ALCUSBAL;Payment_And_Cash_Management
ALCUSTMIL;Core_Banking
ALDETAUT;Core_Banking
ALDETBSC;Core_Banking
ALDETBSH;Core_Banking
ALDETHOF;Core_Banking
ALDETPOL;Core_Banking
ALDLAVGBAL;Core_Banking
ALDLBSHRCN;Core_Banking
ALDLCBITAC;Core_Banking
ALDLCBITCS;Core_Banking
ALDLCBITLC;Core_Banking
ALDLCBITMV;Core_Banking
ALDLCBRCTP;Core_Banking
ALDLCBRPT;Core_Banking
ALDLCTPSIS;Core_Banking
ALDLCUSBAL;Core_Banking
ALDLL372NY;Core_Banking
ALDLLABA1S;Core_Banking
ALDLLACCR;Core_Banking
ALDLLADETS;Core_Banking
ALDLLATLAS;Core_Banking
ALDLLAWV;Core_Banking
ALDLLBALBV;Core_Banking
ALDLLBOS;Core_Banking
ALDLLCBRAT;Core_Banking
ALDLLCBRGE;Core_Banking
ALDLLCCRCN;Core_Banking
ALDLLCPCA;Core_Banking
ALDLLCRSGE;Core_Banking
ALDLLCUSAC;Core_Banking
ALDLLCUST;Core_Banking
ALDLLDIBA;Core_Banking
ALDLLELSAG;Core_Banking
ALDLLGFRS;Core_Banking
ALDLLGRP1;Core_Banking
ALDLLGRP2;Core_Banking
ALDLLGXINV;Core_Banking
ALDLLINT;Core_Banking
ALDLLINT2;Core_Banking
ALDLLKPMG;Core_Banking
ALDLLLCBNS;Core_Banking
ALDLLMVT;Core_Banking
ALDLLOFA;Core_Banking
ALDLLTOTB;Core_Banking
ALDLLWBF;Core_Banking
ALDLLXNPVB;Core_Banking
ALDLREPFFT;Core_Banking
ALDLREPLOA;Core_Banking
ALDLREPRSK;Core_Banking
ALDLREPSUB;Core_Banking
ALDLSUMVT;Core_Banking
ALDRMACC;Core_Banking
ALESPBSH;Core_Banking
ALEXCRAT01;Core_Banking
ALEXCRAT02;Core_Banking
ALFCM130;Financial_Markets
ALFOLCHK;Core_Banking
ALFOLDIR;Core_Banking
ALFXDYMVT;Financial_Markets
ALGENINTCD;Core_Banking
ALGIOTE;Core_Banking
ALGR4;Core_Banking
ALGRL;Core_Banking
ALGRS;Core_Banking
ALHKM001;Core_Banking
ALHKM002;Core_Banking
ALHKME01;Core_Banking
ALHKMF01;Core_Banking
ALHKMI01;Core_Banking
ALHKMJ01;Core_Banking
ALHKMK01;Core_Banking
ALHKML01;Core_Banking
ALHKMM01;Core_Banking
ALHKMS01;Core_Banking
ALHKMX01;Core_Banking
ALINTBAL;Core_Banking
ALINTINT;Core_Banking
ALINTREP;Core_Banking
ALINTRES;Core_Banking
ALJSTCON;Core_Banking
ALKOLCONF;Core_Banking
ALLACBNK;Core_Banking
ALLBRAUT;Core_Banking
ALLSTADETS;Core_Banking
ALLZB001;Core_Banking
ALMARCOV;Financial_Markets
ALMRGGAL;Financial_Markets
ALMVTFUT;Financial_Markets
ALMVTREP1;Financial_Markets
ALMVTREP2;Financial_Markets
ALMVTREP3;Core_Banking
ALMVTREP4;Core_Banking
ALMVTREPI;Core_Banking
ALMVTREPIT;Core_Banking
ALNDM;Core_Banking
ALNOSFXPOS;Core_Banking
ALOVDETS;Core_Banking
ALPORBSH;Core_Banking
ALRBRCHK;Core_Banking
ALRBRO;Core_Banking
ALRESHIS;Core_Banking
ALRGRPOS;Financial_Markets
ALRGRPOS2;Financial_Markets
ALRGRPOS3;Financial_Markets
ALROOTBKT;Financial_Markets
ALRTBKELIS;Core_Banking
ALSDTAXAUT;Core_Banking
ALSIHINT;Core_Banking
ALSPCDTAUT;Core_Banking
ALTABABSL;Core_Banking
ALTAXHST;Core_Banking
ALTAXKOL;Core_Banking
ALTLLCNV;Core_Banking
ALUIC001;Core_Banking
ALUNUSEDRL;Core_Banking
ALVERPL;Core_Banking
AMDC4;Core_Banking
AMDC5;Core_Banking
AMDCC;Core_Banking
AMDCF;Core_Banking
AMDCG;Core_Banking
AMDCH;Core_Banking
AMDCM;Core_Banking
AMDCO;Core_Banking
AMVT1;Core_Banking
AMVT5;Core_Banking
AMVT6;Core_Banking
AMVT7;Core_Banking
AMVT8;Core_Banking
AMVT9;Core_Banking
AMVTC;Core_Banking
AMVTM;Core_Banking
AMVTO;Core_Banking
ANCPM;Payment_And_Cash_Management
ANEUL;Core_Banking
ANEUM;Core_Banking
ANEUO;Core_Banking
ANOS1;Core_Banking
ANOSC;Core_Banking
ANTU4;Core_Banking
ANTUL;Core_Banking
ANTUS;Core_Banking
APAGEXS;Core_Banking
APBO5;Financial_Markets
APBOM;Core_Banking
APPNL;Core_Banking
APPNM;Core_Banking
APPNO;Core_Banking
ARBR1;Core_Banking
ARBRL;Core_Banking
ARBRM;Core_Banking
ARBRO;Core_Banking
ARCDL;Core_Banking
ARCDM;Core_Banking
ARCDO;Core_Banking
AREI5;Core_Banking
AREIC;Core_Banking
AREIF;Core_Banking
AREIO;Core_Banking
ARES1;Core_Banking
ARES4;Core_Banking
ARESL;Core_Banking
ARESS;Core_Banking
ARETC;Core_Banking
ARETL;Core_Banking
ARETO;Core_Banking
AROTL;Core_Banking
AROTM;Core_Banking
AROTO;Core_Banking
ARPP4;Core_Banking
ARPPM;Core_Banking
ARPPO;Core_Banking
ASEL5;Core_Banking
ASELL;Financial_Markets
ASELM;Core_Banking
ASELO;Core_Banking
ASPAL;Core_Banking
ASPAM;Core_Banking
ASPAS;Core_Banking
ASPI2;Core_Banking
ASPI5;Core_Banking
ASPIF;Core_Banking
ASPIM;Core_Banking
ASPIO;Core_Banking
ASTDM;Core_Banking
ASTDO;Core_Banking
ASTEM;Core_Banking
ASTM4;Core_Banking
ASTMO;Core_Banking
ASTMS;Core_Banking
ATAD5;Core_Banking
ATADL;Core_Banking
ATADM;Core_Banking
ATADO;Core_Banking
ATAH5;Core_Banking
ATAHL;Core_Banking
ATAHS;Core_Banking
ATAX5;Core_Banking
ATAXL;Core_Banking
ATAXM;Core_Banking
ATAXO;Core_Banking
ATDC4;Core_Banking
ATDCL;Core_Banking
ATDCS;Core_Banking
ATEC1;Core_Banking
ATECC;Core_Banking
ATLLM;Core_Banking
ATMPO;Core_Banking
ATRC5;Core_Banking
ATRCA;Core_Banking
ATRCL;Core_Banking
ATRCS;Core_Banking
ATRDO;Core_Banking
ATRT5;Core_Banking
ATRTL;Core_Banking
ATRTS;Core_Banking
ATXC5;Core_Banking
ATXCL;Core_Banking
ATXCM;Core_Banking
ATXCO;Core_Banking
AUACRRPR;Core_Banking
AUACRRPR01;Core_Banking
AUACRRPR02;Core_Banking
AUATRCSDUP;Core_Banking
AUATRDODEL;Core_Banking
AUAUDINVCE;Core_Banking
AUBA1DEL;Core_Banking
AUBASS;Core_Banking
AUBATDTE;Core_Banking
AUBKEAIS;Core_Banking
AUBKEFOLRT;Core_Banking
AUBKEGEN;Core_Banking
AUBKEGENRT;Core_Banking
AUBKEGENRV;Core_Banking
AUBKELIS;Core_Banking
AUCHACAL;Core_Banking
AUCHASTD;Core_Banking
AUCHKCAT;Core_Banking
AUCLNADETS;Core_Banking
AUCLNHVB;Core_Banking
AUCLSACC;Core_Banking
AUCLSACC1;Core_Banking
AUCLSNOS;Core_Banking
AUCNVACC;Core_Banking
AUCNVACCR;Core_Banking
AUCNVADETS;Core_Banking
AUCNVLCCYS;Core_Banking
AUCNVLOC;Core_Banking
AUCOVCAL;Core_Banking
AUCRADV;Core_Banking
AUCROSSEXR;Core_Banking
AUCTPSHN;Core_Banking
AUCTPSHN2;Core_Banking
AUDACBAL;Core_Banking
AUDELGRID;Core_Banking
AUDELICIY;Core_Banking
AUDLLTAT;Core_Banking
AUDRMACC;Core_Banking
AUDTEASP;Core_Banking
AUEOYPOSE;Core_Banking
AUEURACC;Core_Banking
AUEURPOL0;Core_Banking
AUEURPOL1;Core_Banking
AUEURPOL2;Core_Banking
AUEURPOL3;Core_Banking
AUEXRASP;Core_Banking
AUEXRDEV;Core_Banking
AUFCMJAN;Core_Banking
AUFOLSET0;Core_Banking
AUGXACC;Core_Banking
AUGXACR;Core_Banking
AUGXBUD;Core_Banking
AUGXPRE;Core_Banking
AUHKGINBRA;Core_Banking
AUHOLUPD;Core_Banking
AUINTCAL;Core_Banking
AUINTCFD;Core_Banking
AULDACGTAB;Core_Banking
AULDBIL;Core_Banking
AULDGMEXR;Core_Banking
AULDGMINT;Core_Banking
AULDNCPINT;Core_Banking
AULOADEXR;Core_Banking
AULOADFOL;Core_Banking
AULOADMDC;Core_Banking
AULOCDET;Core_Banking
AULOCDUP;Core_Banking
AULOCRES;Core_Banking
AUMDCCOP;Core_Banking
AUMDCDUP;Core_Banking
AUMDCFUP;Core_Banking
AUMDCREP;Core_Banking
AUMVTCLN;Core_Banking
AUNEWEMU;Core_Banking
AUNTUDEL;Core_Banking
AUOFBALMVT;Core_Banking
AUOLDBVA;Core_Banking
AUPDGMEXR;Core_Banking
AUPDGMINT;Core_Banking
AUPLINIT;Core_Banking
AUPRRTAUEN;Core_Banking
AUPURACPI;Core_Banking
AURGRPOS;Core_Banking
AURGRPOS2;Financial_Markets
AURGRPOS4;Financial_Markets
AURNDDET;Core_Banking
AURVMVT;Core_Banking
AUSAVTAB;Core_Banking
AUSHFBAL;Core_Banking
AUSPADEL;Core_Banking
AUSTM942RT;Core_Banking
AUSTMCCR;Core_Banking
AUSTMKOC;Core_Banking
AUSTMLOJ;Core_Banking
AUSTMPR2;Core_Banking
AUSTMPRC;Core_Banking
AUSTMSTER;Core_Banking
AUSTMSTERRT;Core_Banking
AUSTMTLL;Core_Banking
AUTKACGTAB;Core_Banking
AUTLLWP;Core_Banking
AUXNPINT;Core_Banking
BABSM;Financial_Markets
BASEFR150;Core_Banking
BASEFR175;Core_Banking
BASEFR200;Core_Banking
BASEFR220;Core_Banking
BASEFRAMES;Core_Banking
BASW5;Core_Banking
BASWA;Financial_Markets
BASWO;Financial_Markets
BATCH;Core_Banking
BBOK5;Core_Banking
BBOKS;Financial_Markets
BDAUT;Financial_Markets
BDL2C;Financial_Markets
BDLA5;Financial_Markets
BDLAO;Financial_Markets
BDLAX;Financial_Markets
BDLE5;Financial_Markets
BDLG5;Financial_Markets
BDLGA;Financial_Markets
BDLGL;Financial_Markets
BDLGO;Financial_Markets
BDLGRDO;Core_Banking
BDLGX;Financial_Markets
BDLPM;Financial_Markets
BDLPO;Financial_Markets
BDLT5;Financial_Markets
BDLTM;Financial_Markets
BDLTO;Financial_Markets
BDLTX;Financial_Markets
BDLVM;Financial_Markets
BEGBATCH;Financial_Markets
BEUR2;Financial_Markets
BEURM;Financial_Markets
BIAUT;Financial_Markets
BICTM;Financial_Markets
BICTO;Financial_Markets
BICTX;Financial_Markets
BIS2C;Financial_Markets
BISPA;Financial_Markets
BISPM;Financial_Markets
BISPO;Financial_Markets
BISPX;Financial_Markets
BISS5;Financial_Markets
BISSA;Financial_Markets
BISSO;Financial_Markets
BISSX;Financial_Markets
BITTO;Financial_Markets
BLACJUSPOR;Financial_Markets
BLASWSUM;Financial_Markets
BLBDLINV;Financial_Markets
BLBDLPOR;Financial_Markets
BLBISINV;Financial_Markets
BLBNDDL;Financial_Markets
BLDEATCK;Financial_Markets
BLDLL;Financial_Markets
BLDLYFWD;Financial_Markets
BLDLYINVPL;Financial_Markets
BLDLYPOS;Financial_Markets
BLDLYTRDPL;Financial_Markets
BLGFIDL;Financial_Markets
BLMBSLST;Financial_Markets
BLPARSEC;Financial_Markets
BLPBDEAL;Financial_Markets
BLPORRTI;Financial_Markets
BLUSADL;Financial_Markets
BLWARBO;Financial_Markets
BPOR5;Financial_Markets
BPOR6;Financial_Markets
BPORM;Financial_Markets
BPORS;Financial_Markets
BPOT5;Financial_Markets
BPOTO;Financial_Markets
BPRD5;Financial_Markets
BPRDA;Financial_Markets
BPRDO;Financial_Markets
BPRDX;Financial_Markets
BREDA;Financial_Markets
BREDM;Financial_Markets
BREDO;Financial_Markets
BREDX;Financial_Markets
BREP1;Financial_Markets
BREPM;Financial_Markets
BREPO;Financial_Markets
BRPIO;Financial_Markets
BSPIM;Financial_Markets
BSPIO;Financial_Markets
BSWC5;Financial_Markets
BSWCM;Financial_Markets
BSWS5;Financial_Markets
BUCHGISIN;Financial_Markets
BUDELCON;Core_Banking
BUDELLIQ;Core_Banking
BUDLYABS;Financial_Markets
BUDLYCLU;Financial_Markets
BUDLYMBS;Financial_Markets
BUDLYMBSYD;Financial_Markets
BUEURACC;Financial_Markets
BUEURCNV;Financial_Markets
BUEURLIQ;Financial_Markets
BUEURREC;Financial_Markets
BUINTACC2;Financial_Markets
BUINTACCR;Financial_Markets
BUMBSPOOL;Financial_Markets
BUMKSWBAT;Financial_Markets
BUMKSWIFT;Financial_Markets
BUMLYACRBO;Financial_Markets
BUMLYMBS;Financial_Markets
BUMLYTRD;Financial_Markets
BUMRGISS;Financial_Markets
BUPOOLFAC;Financial_Markets
BUPRCLOAD;Financial_Markets
BUUPDBDLTO;Financial_Markets
BUUPDBNDSN;Financial_Markets
CBFM5;Core_Banking
CBFMO;Core_Banking
CC3PL;Lending
CC3PM;Lending
CC3PO;Lending
CCBRO;Lending
CCDI5;Lending
CCDIL;Lending
CCDIS;Lending
CCFPO;Lending
CCGR5;Lending
CCGRL;Lending
CCGRS;Lending
CCIIA;Lending
CCIIC;Lending
CCMCC;Lending
CCME5;Lending
CCMH1;Lending
CCMH4;Lending
CCMH5;Lending
CCMHA;Lending
CCMHC;Lending
CCMHL;Lending
CCMHO;Lending
CCMIC;Lending
CCOCL;Core_Banking
CCOCM;Lending
CCOCO;Core_Banking
CCOM5;Lending
CCOML;Lending
CCOMS;Lending
CCORL;Lending
CCORM;Lending
CCORO;Lending
CCPIA;Lending
CCPOA;Lending
CCRE1;Lending
CCRE5;Lending
CCREO;Lending
CCRXO;Core_Banking
CCTPC;Core_Banking
CCUSC;Financial_Markets
CCUSO;Financial_Markets
CDFAO;Lending
CDIAL;Lending
CDIAO;Lending
CEXP5;Lending
CEXPS;Lending
CEXRM;Core_Banking
CEXRO;Core_Banking
CEXSM;Lending
CEXSO;Lending
CFA1M;Lending
CFA2C;Lending
CFA2M;Lending
CFAC1;Lending
CFAC2;Lending
CFAC5;Lending
CFAC6;Lending
CFACC;Lending
CFACL;Lending
CFACO;Lending
CFACR;Lending
CFACS;Lending
CFAI5;Lending
CFAIA;Lending
CFAIO;Lending
CFARM;Lending
CFAT1;Lending
CFAT5;Lending
CFATO;Core_Banking
CFCRO;Lending
CFDD5;Lending
CFDDC;Lending
CFDDL;Lending
CFDDO;Lending
CFFEM;Lending
CFFEO;Lending
CFIIA;Lending
CFIIC;Lending
CFINA;Lending
CFNI1;Lending
CFNIA;Lending
CFNIC;Lending
CFNO1;Lending
CFNOA;Lending
CFNOC;Lending
CFOIA;Lending
CFOIC;Lending
CFRS1;Lending
CFRSL;Lending
CFRSM;Lending
CFRSO;Lending
CFUPM;Lending
CFUPO;Lending
CFUS5;Lending
CFUSM;Lending
CFUSO;Lending
CFXRM;Lending
CFXRO;Lending
CGAT1;Lending
CGAT5;Lending
CGATO;Lending
CGUA2;Lending
CGUA5;Lending
CGUAL;Lending
CGUAS;Lending
CGUCL;Lending
CGUCM;Lending
CGUCO;Lending
CGURL;Lending
CGURM;Lending
CGURO;Lending
CHFCM;Lending
CHFCO;Lending
CINI1;Lending
CINIA;Lending
CINIC;Lending
CINO1;Lending
CINOA;Lending
CINOC;Lending
CITIA;Lending
CITIC;Lending
CLAUDCNF;Financial_Markets
CLBANKLIM1;Lending
CLBANKLND1;Lending
CLBANKLOA1;Lending
CLBCKWG18;Lending
CLBGECOMM;Lending
CLBNKEXP;Lending
CLCALLDEP;Lending
CLCASHINT;Financial_Markets
CLCBNREL;Financial_Markets
CLCCRYOUT;Financial_Markets
CLCHECKFAC;Financial_Markets
CLCHKCGURO;Financial_Markets
CLCMCONAL;Lending
CLCMLOALST;Lending
CLCMOUTIN2;Lending
CLCMOUTINT;Lending
CLCOMCHGE;Lending
CLCOMDCT;Lending
CLCOMDCTG;Lending
CLCOMINT;Lending
CLCOMMLIST;Lending
CLCOMMLST;Lending
CLCOMNEW;Lending
CLCOMOUT;Lending
CLCOMTOPAY;Lending
CLCOMUNPAI;Lending
CLCOMWAR;Lending
CLCONSELCM;Lending
CLCPACC;Core_Banking
CLCPACCT;Core_Banking
CLCPACIRC;Core_Banking
CLCPACRS;Core_Banking
CLCPBND;Core_Banking
CLCPBNDC;Core_Banking
CLCPBNDL;Core_Banking
CLCPBRCH;Core_Banking
CLCPBROK;Core_Banking
CLCPBVAL;Core_Banking
CLCPCBN;Core_Banking
CLCPCHA;Core_Banking
CLCPCHQE;Core_Banking
CLCPCO;Core_Banking
CLCPCTP;Core_Banking
CLCPCTP2;Core_Banking
CLCPCTRY;Core_Banking
CLCPCURR;Core_Banking
CLCPEO;Core_Banking
CLCPEXC;Core_Banking
CLCPFAC;Core_Banking
CLCPFAM;Core_Banking
CLCPFRA;Core_Banking
CLCPFX;Core_Banking
CLCPGUA;Core_Banking
CLCPIRS;Core_Banking
CLCPLD;Core_Banking
CLCPLDCM;Core_Banking
CLCPPFTC;Core_Banking
CLCPPMNT;Core_Banking
CLCPPMT2;Core_Banking
CLCPPMTC;Core_Banking
CLCPPRD;Core_Banking
CLCPPRNL;Core_Banking
CLCPRATE;Core_Banking
CLCPRES;Core_Banking
CLCPSEC;Core_Banking
CLCPSHR;Core_Banking
CLCPSHRLI;Core_Banking
CLCPSHRM;Core_Banking
CLCPSIM;Core_Banking
CLCROCO;Lending
CLCRYCTP;Lending
CLCRYOUT2;Lending
CLCRYOUTD;Lending
CLCRYOUTR;Lending
CLCTPRISAS;Lending
CLCUSACCOF;Lending
CLCUSCOM;Lending
CLCUSTLIM1;Lending
CLCUSTLND1;Lending
CLCUSTLOA1;Lending
CLCUSTLOA2;Lending
CLDLL;Lending
CLDLLAGZ;Lending
CLDLLISIMO;Lending
CLDLLORM;Lending
CLDLRAVA;Lending
CLDLYCALL;Lending
CLDLYMVT;Lending
CLEQOPOUT;Lending
CLEQOPOUT2;Financial_Markets
CLEXSOUTO;Lending
CLEXSSPOT;Financial_Markets
CLEXSSPOT2;Financial_Markets
CLFACCRCS;Lending
CLFACCRTRE;Lending
CLFACDOCIN;Lending
CLFACFDD;Lending
CLFACFIMAT;Lending
CLFACFLFCR;Lending
CLFACINT;Lending
CLFACINTRM;Lending
CLFACINVRE;Lending
CLFACIRFFT;Lending
CLFACIRV2M;Lending
CLFACLNREP;Lending
CLFACMAT2M;Lending
CLFACMEMRE;Lending
CLFACNHOAP;Lending
CLFACOUTRE;Lending
CLFACOVER;Lending
CLFACREPRE;Lending
CLFACREPWA;Lending
CLFACUNU;Lending
CLFACWAR;Lending
CLFAMFLFCR;Lending
CLFUSLST;Lending
CLGUACOM;Lending
CLGUAINTER;Lending
CLGUAISSRE;Lending
CLGUAMEMRE;Lending
CLGUAPMT;Lending
CLGUAREPRE;Lending
CLGUATRANS;Lending
CLGUAWAR;Lending
CLGUAXDMAT;Lending
CLHOLWARN;Lending
CLLDCMAUT;Lending
CLLDCMDEAL;Core_Banking
CLLDMMDEAL;Core_Banking
CLLISABA1S;Core_Banking
CLLOAOUT;Lending
CLLSTWAR;Lending
CLMTBNKPFY;Financial_Markets
CLMTCUSPF2;Financial_Markets
CLMTCUSPFY;Financial_Markets
CLMTDBLDEP;Financial_Markets
CLMTDEALS;Financial_Markets
CLMTDEANEW;Financial_Markets
CLMTEXECUT;Financial_Markets
CLMTPORTFL;Financial_Markets
CLMTWARMAT;Financial_Markets
CLOUTBLEBD;Core_Banking
CLOUTDEPFA;Lending
CLPBAUM;Financial_Markets
CLPBLIST;Financial_Markets
CLPBPORTF;Financial_Markets
CLPERSONNL;Lending
CLPRIBASLN;Lending
CLPRIBASSM;Lending
CLPRIBNK;Core_Banking
CLPRIBNK2;Core_Banking
CLPRIBNK3;Core_Banking
CLPRIDEALS;Core_Banking
CLRCPV6;Core_Banking
CLRTROUT;Core_Banking
CLSECCOMP;Lending
CLSECFIMAT;Lending
CLSECFLFCR;Lending
CLSECINT;Lending
CLSECINVRE;Lending
CLSECMAT2M;Lending
CLSECMATRE;Lending
CLSECMEMRE;Lending
CLSECTYP2C;Lending
CLSECTYP2M;Lending
CLSHRCMP;Lending
CLSHRCUST;Lending
CLSHRDVD;Lending
CLSHRFEE;Financial_Markets
CLSHRLIST;Financial_Markets
CLSHRMAS;Financial_Markets
CLSHRMOST;Core_Banking
CLSHROUT;Core_Banking
CLSHRPORTF;Financial_Markets
CLSHRPROF;Financial_Markets
CLSHRPROLO;Financial_Markets
CLSHRSECVL;Lending
CLSHRVOL;Financial_Markets
CLSYNSUB;Financial_Markets
CLWARROLL;Lending
CLWARROLL2;Lending
CLWHTSDT;Core_Banking
CLYRLYTAX;Core_Banking
CMHI5;Lending
CMHIA;Lending
CMHIC;Lending
CMHIF;Lending
CMHIO;Lending
CMRGL;Core_Banking
CMRGM;Core_Banking
CMRGO;Core_Banking
CMTBL;Lending
CMTBO;Lending
CMTC5;Financial_Markets
CMTCO;Financial_Markets
CMTCS;Financial_Markets
CMTD1;Financial_Markets
CMTD5;Financial_Markets
CMTDC;Financial_Markets
CMTEX;Financial_Markets
CMTHE;Financial_Markets
CMTI4;Financial_Markets
CMTI5;Lending
CMTIF;Lending
CMTIM;Lending
CMTIO;Lending
CMTL4;Lending
CMTL5;Lending
CMTLL;Lending
CMTLM;Lending
CMTLO;Lending
CMTTC;Financial_Markets
CMTVM;Financial_Markets
CNTRYBYBBL;Financial_Markets
CNTRYBYISO;Financial_Markets
CNTRYBYLOC;Financial_Markets
CNVOSS;Financial_Markets
COMSO;Lending
COTIA;Lending
COTIC;Lending
CPAY1;Financial_Markets
CPAYA;Lending
CPAYC;Lending
CPBC5;Financial_Markets
CPBCA;Core_Banking
CPBCC;Core_Banking
CPBCO;Core_Banking
CPBGM;Financial_Markets
CPBGO;Core_Banking
CPBO2;Financial_Markets
CPBP5;Financial_Markets
CPBPM;Financial_Markets
CPBPO;Core_Banking
CPIIC;Lending
CPOIC;Lending
CPOS5;Lending
CPTD1;Lending
CPTDC;Lending
CPTIC;Lending
CPTIL;Lending
CPTIO;Lending
CPYIA;Lending
CPYIC;Lending
CRCIA;Lending
CRCIC;Lending
CRCYM;Lending
CREC1;Lending
CRECA;Lending
CRECC;Lending
CREP5;Lending
CREPL;Lending
CREPM;Lending
CREPO;Core_Banking
CREXM;Lending
CREXO;Lending
CRIIA;Lending
CRIIC;Lending
CRISO;Lending
CRMI1;Lending
CRMIA;Lending
CRMIC;Lending
CRMO1;Lending
CRMOA;Lending
CRMOC;Lending
CROCL;Lending
CROCM;Lending
CROCO;Lending
CROIA;Lending
CROIC;Lending
CRTR1;Lending
CRTR3;Lending
CRTRO;Core_Banking
CRXMO;Financial_Markets
CSC1M;Lending
CSC2M;Lending
CSCOL;Lending
CSCOM;Lending
CSCOO;Lending
CSCYM;Lending
CSE1C;Lending
CSE1M;Lending
CSE2C;Lending
CSE2M;Lending
CSE3C;Lending
CSEC1;Lending
CSEC2;Lending
CSEC4;Lending
CSEC5;Lending
CSEC6;Lending
CSECA;Lending
CSECF;Lending
CSECL;Lending
CSECS;Lending
CSEI5;Lending
CSEIO;Core_Banking
CSH2A;Financial_Markets
CSHA5;Financial_Markets
CSHAA;Financial_Markets
CSHAL;Core_Banking
CSHAO;Core_Banking
CSHC5;Financial_Markets
CSHCO;Core_Banking
CSHCS;Financial_Markets
CSHDS;Financial_Markets
CSHM5;Financial_Markets
CSHMA;Financial_Markets
CSHML;Core_Banking
CSHMO;Core_Banking
CSHO5;Financial_Markets
CSHOA;Financial_Markets
CSHOO;Core_Banking
CSHRA;Financial_Markets
CSHRO;Core_Banking
CSHSC;Financial_Markets
CSHT5;Financial_Markets
CSHTA;Financial_Markets
CSHTC;Financial_Markets
CSHTL;Core_Banking
CSHTM;Financial_Markets
CSHTO;Core_Banking
CSHVO;Core_Banking
CSIM5;Lending
CSIMS;Lending
CSLFO;Core_Banking
CSSHL;Core_Banking
CSSHM;Core_Banking
CSSHO;Core_Banking
CUATCRLOVR;Lending
CUBANKEXC1;Lending
CUCCMHOUPD;Lending
CUCEXRO;Core_Banking
CUCHGIPRD;Lending
CUCLEANCOM;Financial_Markets
CUCLEANDIC;Financial_Markets
CUCLEANRES;Lending
CUCOMATRDO;Lending
CUCOMCLEAN;Lending
CUCOMCRINT;Lending
CUCONFIF2;Lending
CUCONFIFS;Lending
CUCONFIRM;Lending
CUCONFMIL;Lending
CUCRSWCM2;Lending
CUCUSTEXC1;Lending
CUDELCM;Lending
CUDELCMCON;Lending
CUDLLRDS;Lending
CUDLYABN;Core_Banking
CUDLYABS;Lending
CUDLYCOMTR;Lending
CUDLYCSLFO;Core_Banking
CUDLYFACTR;Lending
CUDLYFUSTR;Lending
CUDLYREPWA;Lending
CUDLYRTR;Core_Banking
CUDLYSECTR;Lending
CUDLYSHROP;Financial_Markets
CUDLYSHRTR;Financial_Markets
CUEXSDELH;Financial_Markets
CUEXSINITH;Lending
CUEXSOUTO1;Lending
CUEXSOUTOH;Lending
CUFACOUTS;Lending
CUFEECAL;Lending
CUFLOATRTE;Lending
CUGUAACCRE;Lending
CUGUACMCNF;Lending
CUGUACOMA2;Lending
CUGUACOMAD;Lending
CUGUACOMEX;Lending
CUGUACONTR;Lending
CUHKPFAC;Lending
CUHLPDELCM;Lending
CUICNFS;Core_Banking
CUIFLTRTE;Financial_Markets
CUIPMM;Lending
CUIPRDCHG;Financial_Markets
CULDCRYRIS;Core_Banking
CULOADCBFM;Core_Banking
CUMAKRISCL;Lending
CUMAKRISCT;Lending
CUMAKRISSE;Lending
CUMATPOS;Lending
CUMLYACCCL;Lending
CUMLYRTR;Lending
CUMMPURI;Lending
CUMTCLOSE;Financial_Markets
CUORPHSEC;Financial_Markets
CUPBPORTF;Financial_Markets
CUPBVALUE;Financial_Markets
CUPDPFAC;Lending
CUREUTIMP;Financial_Markets
CURTRFAC;Lending
CURTRFACCH;Lending
CURTRFILL;Core_Banking
CURTRRISCH;Core_Banking
CURXMRECON;Financial_Markets
CUSELPAYM;Lending
CUSHRCUSTM;Core_Banking
CUSHRDVD;Financial_Markets
CUSHRLOG;Financial_Markets
CUSHRPRCLD;Financial_Markets
CUSHRRESTR;Financial_Markets
CUTRFACSEC;Lending
CUTRFWAREP;Lending
CUUPDFAC;Lending
CVAL1;Lending
DAEQ1;Core_Banking
DAMCO;Core_Banking
DAMIO;Core_Banking
DBAT5;Core_Banking
DBATM;Payment_And_Cash_Management
DBATO;Payment_And_Cash_Management
DBII5;Payment_And_Cash_Management
DBIIL;Payment_And_Cash_Management
DBIIO;Payment_And_Cash_Management
DBIL1;Payment_And_Cash_Management
DBIL5;Payment_And_Cash_Management
DBILC;Payment_And_Cash_Management
DBILF;Payment_And_Cash_Management
DBILO;Core_Banking
DBRAM;Core_Banking
DBTL1;Core_Banking
DBTL5;Core_Banking
DCACF;Core_Banking
DCACM;Core_Banking
DCAIM;Core_Banking
DCBDO;Payment_And_Cash_Management
DCBIC;Payment_And_Cash_Management
DCBMM;Payment_And_Cash_Management
DCBMO;Payment_And_Cash_Management
DCBRO;Core_Banking
DCCIC;Core_Banking
DCCM5;Core_Banking
DCCMM;Core_Banking
DCCMO;Core_Banking
DCDIC;Payment_And_Cash_Management
DCECM;Payment_And_Cash_Management
DCEIM;Payment_And_Cash_Management
DCLH1;Payment_And_Cash_Management
DCLH5;Payment_And_Cash_Management
DCLHO;Payment_And_Cash_Management
DCLP5;Payment_And_Cash_Management
DCLT2;Payment_And_Cash_Management
DCLT5;Payment_And_Cash_Management
DCLTO;Payment_And_Cash_Management
DCNB5;Payment_And_Cash_Management
DCNBC;Payment_And_Cash_Management
DCNCC;Payment_And_Cash_Management
DCND5;Payment_And_Cash_Management
DCND6;Payment_And_Cash_Management
DCNDA;Payment_And_Cash_Management
DCNDL;Payment_And_Cash_Management
DCNDO;Payment_And_Cash_Management
DCNDS;Payment_And_Cash_Management
DCNDT;Payment_And_Cash_Management
DCNI5;Payment_And_Cash_Management
DCNIC;Payment_And_Cash_Management
DCNIF;Payment_And_Cash_Management
DCNIO;Core_Banking
DCNP5;Payment_And_Cash_Management
DCNPC;Payment_And_Cash_Management
DCNT5;Payment_And_Cash_Management
DCNTL;Payment_And_Cash_Management
DCNTM;Payment_And_Cash_Management
DCNTO;Payment_And_Cash_Management
DCON5;Payment_And_Cash_Management
DCONA;Payment_And_Cash_Management
DCONDLIST;Payment_And_Cash_Management
DCONO;Payment_And_Cash_Management
DCOV1;Payment_And_Cash_Management
DCOVO;Payment_And_Cash_Management
DCPIC;Payment_And_Cash_Management
DCPOO;Payment_And_Cash_Management
DCTI5;Payment_And_Cash_Management
DCTIF;Core_Banking
DCTIM;Core_Banking
DCTIO;Core_Banking
DCTRM;Core_Banking
DCTRO;Core_Banking
DDDC5;Core_Banking
DDDC6;Core_Banking
DDDCL;Payment_And_Cash_Management
DDDCM;Payment_And_Cash_Management
DDDCO;Payment_And_Cash_Management
DDETO;Payment_And_Cash_Management
DDI2M;Payment_And_Cash_Management
DDICM;Payment_And_Cash_Management
DEBF1;Payment_And_Cash_Management
DEBFO;Payment_And_Cash_Management
DECHM;Payment_And_Cash_Management
DEFIN;Core_Banking
DFID1;Core_Banking
DFIDO;Payment_And_Cash_Management
DFIM5;Payment_And_Cash_Management
DFIMO;Payment_And_Cash_Management
DFRTC;Payment_And_Cash_Management
DFRTO;Payment_And_Cash_Management
DFSC5;Payment_And_Cash_Management
DFSCF;Payment_And_Cash_Management
DFSCI;Payment_And_Cash_Management
DFSCL;Payment_And_Cash_Management
DFSCM;Payment_And_Cash_Management
DFSCO;Payment_And_Cash_Management
DFSIF;Payment_And_Cash_Management
DFSII;Payment_And_Cash_Management
DFSIL;Payment_And_Cash_Management
DFSIM;Payment_And_Cash_Management
DFSIO;Payment_And_Cash_Management
DGCAL;Payment_And_Cash_Management
DGCAM;Payment_And_Cash_Management
DGCAO;Payment_And_Cash_Management
DHDD1;Payment_And_Cash_Management
DHERECBAT;Payment_And_Cash_Management
DHERECRSND;Payment_And_Cash_Management
DHIG1;Payment_And_Cash_Management
DHII1;Payment_And_Cash_Management
DHII2;Payment_And_Cash_Management
DHIN1;Payment_And_Cash_Management
DHIU1;Payment_And_Cash_Management
DHOG1;Payment_And_Cash_Management
DHOI1;Payment_And_Cash_Management
DHOI2;Payment_And_Cash_Management
DHON1;Payment_And_Cash_Management
DHOU1;Payment_And_Cash_Management
DICD1;Payment_And_Cash_Management
DICM1;Payment_And_Cash_Management
DICM5;Payment_And_Cash_Management
DIDD1;Payment_And_Cash_Management
DIDDF;Payment_And_Cash_Management
DIDE1;Payment_And_Cash_Management
DIDEC;Payment_And_Cash_Management
DIDEF;Payment_And_Cash_Management
DIIE1;Payment_And_Cash_Management
DIIEC;Payment_And_Cash_Management
DIIEF;Payment_And_Cash_Management
DIIG1;Payment_And_Cash_Management
DIIGC;Payment_And_Cash_Management
DIIGF;Payment_And_Cash_Management
DIII2;Payment_And_Cash_Management
DIIIF;Payment_And_Cash_Management
DIIN1;Payment_And_Cash_Management
DIINC;Payment_And_Cash_Management
DIINF;Payment_And_Cash_Management
DIIRC;Payment_And_Cash_Management
DIIU1;Payment_And_Cash_Management
DIIUC;Payment_And_Cash_Management
DIIUF;Payment_And_Cash_Management
DIO2C;Payment_And_Cash_Management
DIOD2;Payment_And_Cash_Management
DIODI;Payment_And_Cash_Management
DIOE1;Payment_And_Cash_Management
DIOEC;Payment_And_Cash_Management
DIOEF;Payment_And_Cash_Management
DIOG1;Payment_And_Cash_Management
DIOGC;Payment_And_Cash_Management
DIOGF;Payment_And_Cash_Management
DIOI2;Payment_And_Cash_Management
DIOIF;Payment_And_Cash_Management
DION1;Payment_And_Cash_Management
DIONC;Payment_And_Cash_Management
DIONF;Payment_And_Cash_Management
DIORC;Payment_And_Cash_Management
DIOT1;Payment_And_Cash_Management
DIOTC;Payment_And_Cash_Management
DIOTF;Payment_And_Cash_Management
DIOU1;Payment_And_Cash_Management
DIOUC;Payment_And_Cash_Management
DIOUF;Payment_And_Cash_Management
DIPT5;Payment_And_Cash_Management
DIPTL;Payment_And_Cash_Management
DIPTO;Payment_And_Cash_Management
DLACCBLKPM;Payment_And_Cash_Management
DLACCDWH;Core_Banking
DLACCPMT;Core_Banking
DLAMBASBAL;Payment_And_Cash_Management
DLBALCHECK;Payment_And_Cash_Management
DLBATRSND;Payment_And_Cash_Management
DLBENERRIT;Payment_And_Cash_Management
DLBNKCHRG;Payment_And_Cash_Management
DLCFATF7AD;Core_Banking
DLCHKFREN;Core_Banking
DLCHKIBOS;Core_Banking
DLCLESTS;Payment_And_Cash_Management
DLCLNCOND;Payment_And_Cash_Management
DLCONDAUT;Payment_And_Cash_Management
DLCONDINT;Payment_And_Cash_Management
DLCONDLIST;Payment_And_Cash_Management
DLCONDTYP;Payment_And_Cash_Management
DLCUSCOM;Payment_And_Cash_Management
DLCUSMVTPT;Core_Banking
DLCUSRSD;Core_Banking
DLDLCCLCUS;Core_Banking
DLDLLACRIT;Core_Banking
DLDLLBL;Payment_And_Cash_Management
DLDLLCLEAT;Payment_And_Cash_Management
DLDLLCLEGB;Payment_And_Cash_Management
DLDLLCLEGE;Payment_And_Cash_Management
DLDLLCLEIE;Payment_And_Cash_Management
DLDLLCLEIT;Payment_And_Cash_Management
DLDLLCLENL;Payment_And_Cash_Management
DLDLLCLEPT;Payment_And_Cash_Management
DLDLLCLESP;Payment_And_Cash_Management
DLDLLGPIT;Core_Banking
DLDLLINTIT;Core_Banking
DLDLLNAL;Core_Banking
DLDLLNMUT;Payment_And_Cash_Management
DLDLLNRAMB;Payment_And_Cash_Management
DLDLLNSTRO;Payment_And_Cash_Management
DLDLLOUR;Payment_And_Cash_Management
DLDLLPBINT;Payment_And_Cash_Management
DLDLLPBOS;Core_Banking
DLDLLPBPF;Core_Banking
DLDLLPMNT;Core_Banking
DLDLLPNLT;Core_Banking
DLDLLRECON;Payment_And_Cash_Management
DLDLLREPAT;Payment_And_Cash_Management
DLDLLRSK;Payment_And_Cash_Management
DLDLLSEPA;Payment_And_Cash_Management
DLDLLSIB;Core_Banking
DLDLLUNAMD;Payment_And_Cash_Management
DLDPTROES;Core_Banking
DLDRFCHG;Payment_And_Cash_Management
DLDSTOAUT;Payment_And_Cash_Management
DLECHANNEL;Payment_And_Cash_Management
DLERRCDTRN;Payment_And_Cash_Management
DLHISTDODN;Payment_And_Cash_Management
DLHISTPC;Payment_And_Cash_Management
DLHISTPCNL;Payment_And_Cash_Management
DLICMACC;Core_Banking
DLICMLST;Core_Banking
DLICMREK;Core_Banking
DLICMSTA;Core_Banking
DLICMSTI;Core_Banking
DLLAMCPAY;Core_Banking
DLLCHQPYGB;Core_Banking
DLLCTPPAY;Core_Banking
DLLMANPAY;Core_Banking
DLLOGLST;Payment_And_Cash_Management
DLLPHYADR;Payment_And_Cash_Management
DLLPMTSTAT;Payment_And_Cash_Management
DLLSBTAX;Core_Banking
DLLSPEPAY;Core_Banking
DLLSTDDC;Payment_And_Cash_Management
DLLSTILACC;Core_Banking
DLNAMCHECK;Payment_And_Cash_Management
DLNBREPES;Core_Banking
DLNBREPNL1;Core_Banking
DLNBREPNL2;Core_Banking
DLPMT;Core_Banking
DLPMTBRLST;Core_Banking
DLPMTHIS;Core_Banking
DLPMTTRS;Payment_And_Cash_Management
DLPRINTSTD;Core_Banking
DLRCHQSEXT;Core_Banking
DLREPIT1;Core_Banking
DLREPIT2;Core_Banking
DLREPIT3;Core_Banking
DLREPIT4;Core_Banking
DLRFDD;Core_Banking
DLSELPMT;Core_Banking
DLSELPMTHS;Core_Banking
DLSELPMTTR;Core_Banking
DLSMCTAM1;Core_Banking
DLSMCTAM2;Core_Banking
DLSMCTFFF;Core_Banking
DLSMCTPIM1;Core_Banking
DLSMCTPIM2;Core_Banking
DLSPOTCOV;Core_Banking
DLSTCDREP;Core_Banking
DLSTMDDMAD;Payment_And_Cash_Management
DLSTOPPAY;Payment_And_Cash_Management
DLSTOXBR;Payment_And_Cash_Management
DLSWF100;Core_Banking
DLSWF100ST;Core_Banking
DLSWF101;Payment_And_Cash_Management
DLSWF103;Payment_And_Cash_Management
DLSWF202;Payment_And_Cash_Management
DLSWF204;Payment_And_Cash_Management
DLSWFPRT;Payment_And_Cash_Management
DLTRSDTLS;Payment_And_Cash_Management
DLTRXDWH;Core_Banking
DLUPOS;Core_Banking
DMSTM;Payment_And_Cash_Management
DMSTO;Payment_And_Cash_Management
DPBD4;Payment_And_Cash_Management
DPBD5;Payment_And_Cash_Management
DPBDC;Payment_And_Cash_Management
DPBDO;Payment_And_Cash_Management
DPCLF;Core_Banking
DPCLM;Core_Banking
DPDD1;Payment_And_Cash_Management
DPEI5;Payment_And_Cash_Management
DPEIM;Payment_And_Cash_Management
DPERM;Payment_And_Cash_Management
DPFB5;Payment_And_Cash_Management
DPFBC;Payment_And_Cash_Management
DPFBK;Payment_And_Cash_Management
DPIG1;Payment_And_Cash_Management
DPII1;Payment_And_Cash_Management
DPII2;Payment_And_Cash_Management
DPIN1;Payment_And_Cash_Management
DPIU1;Payment_And_Cash_Management
DPMT5;Payment_And_Cash_Management
DPOG1;Payment_And_Cash_Management
DPOI1;Payment_And_Cash_Management
DPOI2;Payment_And_Cash_Management
DPON1;Payment_And_Cash_Management
DPOU1;Payment_And_Cash_Management
DPRI5;Payment_And_Cash_Management
DPTH5;Payment_And_Cash_Management
DPTL1;Payment_And_Cash_Management
DPTL5;Payment_And_Cash_Management
DPTRL;Payment_And_Cash_Management
DPTRO;Payment_And_Cash_Management
DRDI5;Payment_And_Cash_Management
DRDIL;Payment_And_Cash_Management
DRDIM;Payment_And_Cash_Management
DRDIO;Payment_And_Cash_Management
DRECA;Payment_And_Cash_Management
DREIM;Payment_And_Cash_Management
DREP1;Payment_And_Cash_Management
DREP2;Payment_And_Cash_Management
DREPM;Core_Banking
DRPTC;Payment_And_Cash_Management
DRPTM;Payment_And_Cash_Management
DRPTO;Core_Banking
DRSD1;Core_Banking
DRSDO;Payment_And_Cash_Management
DRSM5;Payment_And_Cash_Management
DRSMC;Payment_And_Cash_Management
DRSMO;Payment_And_Cash_Management
DRTP1;Core_Banking
DRTPF;Core_Banking
DRTPM;Payment_And_Cash_Management
DRVPM;Payment_And_Cash_Management
DSI1M;Payment_And_Cash_Management
DSI2M;Payment_And_Cash_Management
DSLV1;Payment_And_Cash_Management
DSLV2;Payment_And_Cash_Management
DSLV5;Payment_And_Cash_Management
DSLVM;Payment_And_Cash_Management
DSLVO;Payment_And_Cash_Management
DST1F;Payment_And_Cash_Management
DST1M;Payment_And_Cash_Management
DST2M;Payment_And_Cash_Management
DSTA1;Payment_And_Cash_Management
DSTAO;Payment_And_Cash_Management
DSTI5;Payment_And_Cash_Management
DSTIF;Payment_And_Cash_Management
DSTIO;Payment_And_Cash_Management
DSTO5;Payment_And_Cash_Management
DSTOL;Payment_And_Cash_Management
DSTOO;Payment_And_Cash_Management
DSTS1;Payment_And_Cash_Management
DSTSO;Payment_And_Cash_Management
DSV1M;Payment_And_Cash_Management
DSV2M;Payment_And_Cash_Management
DUACCBLK;Core_Banking
DUAUTHBAT;Payment_And_Cash_Management
DUCALCOSPE;Payment_And_Cash_Management
DUCALCOSTS;Core_Banking
DUCALCSTD;Core_Banking
DUCHGPRD;Core_Banking
DUCHQREQP;Payment_And_Cash_Management
DUCLIEOP;Payment_And_Cash_Management
DUCLRBLKAM;Core_Banking
DUCORDIPTO;Payment_And_Cash_Management
DUCORDSTSO;Payment_And_Cash_Management
DUDLCCLMVT;Core_Banking
DUDLLAEB45;Payment_And_Cash_Management
DUDLLAEB46;Payment_And_Cash_Management
DUDLLAEB47;Payment_And_Cash_Management
DUDLLBE04;Core_Banking
DUDLLCLECH;Payment_And_Cash_Management
DUDLLCLENL;Payment_And_Cash_Management
DUDLLCLESI;Payment_And_Cash_Management
DUDLLDDCGB;Payment_And_Cash_Management
DUDLLDRAFT;Payment_And_Cash_Management
DUDLLENEPT;Payment_And_Cash_Management
DUDLLPAYGB;Payment_And_Cash_Management
DUDLLSLBE;Core_Banking
DUDLLTASK;Core_Banking
DUDLLTAXIT;Core_Banking
DUDOCGEN;Core_Banking
DUECHANNEL;Payment_And_Cash_Management
DUFDBKIRM;Payment_And_Cash_Management
DUFDBMTCH;Payment_And_Cash_Management
DUFISET;Payment_And_Cash_Management
DUFLBAT;Payment_And_Cash_Management
DUFLCHO;Core_Banking
DUFLICM;Payment_And_Cash_Management
DUGCNVOUPL;Core_Banking
DUGRCDACCT;Payment_And_Cash_Management
DUHISDINST;Payment_And_Cash_Management
DUHISPMT;Payment_And_Cash_Management
DUINVTOINT;Payment_And_Cash_Management
DUINVXBR;Payment_And_Cash_Management
DUINVXBRMN;Payment_And_Cash_Management
DUINVXBRR2;Payment_And_Cash_Management
DUINVXBRRT;Payment_And_Cash_Management
DUINVXBRRU;Payment_And_Cash_Management
DULD8007NE;Payment_And_Cash_Management
DULDAEB19;Payment_And_Cash_Management
DULDAEB34;Payment_And_Cash_Management
DULDAEB45;Payment_And_Cash_Management
DULDAEB46;Payment_And_Cash_Management
DULDAEB47;Payment_And_Cash_Management
DULDBACSGB;Payment_And_Cash_Management
DULDBACSIE;Payment_And_Cash_Management
DULDBE04;Payment_And_Cash_Management
DULDBIREL;Core_Banking
DULDCBIIT;Payment_And_Cash_Management
DULDCCLMVT;Core_Banking
DULDCHQIE;Payment_And_Cash_Management
DULDCHQMAD;Payment_And_Cash_Management
DULDCLEAAT;Payment_And_Cash_Management
DULDCLEACH;Payment_And_Cash_Management
DULDCLEAGE;Payment_And_Cash_Management
DULDCLEAIT;Payment_And_Cash_Management
DULDCLEALC;Payment_And_Cash_Management
DULDCLEALG;Payment_And_Cash_Management
DULDCLEALP;Payment_And_Cash_Management
DULDCLEAPC;Payment_And_Cash_Management
DULDCLEAPP;Payment_And_Cash_Management
DULDCLEARF;Payment_And_Cash_Management
DULDCLEARG;Payment_And_Cash_Management
DULDCLEARN;Payment_And_Cash_Management
DULDCLEARS;Payment_And_Cash_Management
DULDCLEASI;Payment_And_Cash_Management
DULDCLLVIE;Payment_And_Cash_Management
DULDCUSCM;Payment_And_Cash_Management
DULDCUSPBO;Core_Banking
DULDCUSTM;Core_Banking
DULDDDCRGB;Payment_And_Cash_Management
DULDDIPTO;Payment_And_Cash_Management
DULDDRAFT;Payment_And_Cash_Management
DULDDTACH;Payment_And_Cash_Management
DULDDTAZV;Payment_And_Cash_Management
DULDDTAZV2;Payment_And_Cash_Management
DULDEUROCH;Payment_And_Cash_Management
DULDFDBNL;Payment_And_Cash_Management
DULDFDBPT;Payment_And_Cash_Management
DULDFPS;Payment_And_Cash_Management
DULDFREN;Payment_And_Cash_Management
DULDGLBPT;Payment_And_Cash_Management
DULDIBOS;Payment_And_Cash_Management
DULDINBKNL;Payment_And_Cash_Management
DULDM101G;Payment_And_Cash_Management
DULDM101G2;Payment_And_Cash_Management
DULDPBOBT;Core_Banking
DULDPSTFIN;Payment_And_Cash_Management
DULDRCEPT;Payment_And_Cash_Management
DULDSCANGB;Payment_And_Cash_Management
DULDSEBIL;Core_Banking
DULDSECBR;Core_Banking
DULDSEPA;Core_Banking
DULDSLBE;Payment_And_Cash_Management
DULDSWCMI;Payment_And_Cash_Management
DULDSWF;Payment_And_Cash_Management
DULDSWIFT;Payment_And_Cash_Management
DULDTAXIT;Payment_And_Cash_Management
DUMADCLRLD;Core_Banking
DUMCHANNEL;Payment_And_Cash_Management
DUNAVIS;Payment_And_Cash_Management
DUNXTPMTDT;Payment_And_Cash_Management
DUPAGMENTI;Payment_And_Cash_Management
DUPDCONDS;Payment_And_Cash_Management
DUPMT202;Payment_And_Cash_Management
DUPMTVAL;Payment_And_Cash_Management
DUPMTVL202;Payment_And_Cash_Management
DUPRGDIPTL;Payment_And_Cash_Management
DUPURCNDI;Lending
DUPURDSTOI;Payment_And_Cash_Management
DUPURSTAT;Payment_And_Cash_Management
DURECBAT;Payment_And_Cash_Management
DURECCASH;Payment_And_Cash_Management
DURECINV;Payment_And_Cash_Management
DURECONNL;Payment_And_Cash_Management
DUREMPMNT;Payment_And_Cash_Management
DUREVERSAL;Payment_And_Cash_Management
DUS101ING;Payment_And_Cash_Management
DUSTAT;Payment_And_Cash_Management
DUSTOXBR;Payment_And_Cash_Management
DUSWF104;Core_Banking
DUSWF942;Core_Banking
DUSWFCCR;Core_Banking
DUTOSTAT;Payment_And_Cash_Management
DUUPDBLK;Payment_And_Cash_Management
DUUPDREFAC;Payment_And_Cash_Management
DUXBRTRPTS;Payment_And_Cash_Management
DUZEROBA2;Core_Banking
DUZEROBA3;Payment_And_Cash_Management
DUZEROBAL;Payment_And_Cash_Management
ENDBATCH;Payment_And_Cash_Management
ERICREP;Payment_And_Cash_Management
FFTDCNDO;Core_Banking
GAURM;Payment_And_Cash_Management
GBATM;Payment_And_Cash_Management
GBTDS;Payment_And_Cash_Management
GBTIS;Payment_And_Cash_Management
GBTPS;Payment_And_Cash_Management
GBTRM;Core_Banking
GBTRO;Core_Banking
GBTSB;Core_Banking
GBTST;Core_Banking
GCNV5;Core_Banking
GCNVM;Core_Banking
GCNVO;Core_Banking
GDIAO;Lending
GDIBO;Lending
GEASY;Core_Banking
GFILO;Core_Banking
GI-159-XML-FMT;Payment_And_Cash_Management
GIDPM;Core_Banking
GIFLO;Core_Banking
GJUPDLCTPS;Financial_Markets
GLACLOG;Financial_Markets
GLBATCHERR;Financial_Markets
GLBATCHLST;Financial_Markets
GLBOP;Financial_Markets
GLCLFSTAT;Financial_Markets
GLEASYSERV;Core_Banking
GLEODSTAT;Core_Banking
GLEODTIME;Core_Banking
GLEURDEALS;Core_Banking
GLPFIXSIC;Core_Banking
GLPFOLIND;Core_Banking
GLPRSNL;Core_Banking
GLPRSNLLOG;Core_Banking
GLPRSNLLST;Core_Banking
GLPRSNLSEC;Core_Banking
GLRPDEFSEC;Core_Banking
GLSAMEXT;Core_Banking
GLSAMSTS;Core_Banking
GLSCRSEC;Core_Banking
GLSECCLIST;Core_Banking
GLSECMOEVT;Core_Banking
GLSECPAUT;Core_Banking
GLSECPINT;Core_Banking
GLSWFCNV;Core_Banking
GLSWMSTS;Core_Banking
GLSYSOP;Core_Banking
GMONI;Core_Banking
GMONO;Core_Banking
GMSG4;Core_Banking
GMSGS;Core_Banking
GP110;Financial_Markets
GP113;Core_Banking
GP163;Core_Banking
GP173;Core_Banking
GPAIO;Core_Banking
GPAPF;Core_Banking
GPAPM;Core_Banking
GPARL;Core_Banking
GPARO;Core_Banking
GPARX;Core_Banking
GPRT5;Lending
GPRTA;Core_Banking
GPRTO;Core_Banking
GRTPM;Core_Banking
GRTPO;Core_Banking
GSAD5;Core_Banking
GSADO;Core_Banking
GSAM1;Core_Banking
GSAM2;Core_Banking
GSAM4;Core_Banking
GSAM5;Core_Banking
GSAMO;Core_Banking
GSBRM;Core_Banking
GSBRO;Core_Banking
GSBSM;Core_Banking
GSBSO;Core_Banking
GSCRM;Core_Banking
GSEML;Core_Banking
GSEMO;Core_Banking
GSMPM;Core_Banking
GSRI5;Core_Banking
GSRIF;Core_Banking
GSWMO;Core_Banking
GSWS1;Core_Banking
GSWS5;Core_Banking
GUCHGACLOG;Core_Banking
GUCLEANUP;Core_Banking
GUCPYSCSEC;Core_Banking
GUCREBATCH;Core_Banking
GUCRESUB;Core_Banking
GUCRESUB2;Core_Banking
GUCRESUB3;Core_Banking
GUDELREPS;Core_Banking
GUERRMSG;Core_Banking
GUFFTFIX;Core_Banking
GUFILLREFL;Core_Banking
GUGBATMSEQ;Core_Banking
GUGPRTO;Core_Banking
GUMNSEC;Core_Banking
GUREFER;Core_Banking
GUREPMGR;Core_Banking
GURESETMGR;Core_Banking
GUSCHSPBAT;Core_Banking
GUSECPPURI;Core_Banking
GUSTARTINP;Core_Banking
GUSTARTISW;Core_Banking
GUSTARTUP;Core_Banking
GUSTARTWFL;Core_Banking
GUSWMNRPL;Core_Banking
GUWFLSTA1;Core_Banking
GXMLM;Core_Banking
GXMLO;Core_Banking
GXMLOUPD;Core_Banking
HGLOADMDC;Core_Banking
IABA1;Core_Banking
IACCM;Payment_And_Cash_Management
IACCO;Payment_And_Cash_Management
IAFFC;Financial_Markets
IAFRC;Financial_Markets
IAFXC;Financial_Markets
IAIRC;Financial_Markets
IALDC;Core_Banking
IAMTC;Core_Banking
IAOPC;Financial_Markets
IAUTL;Payment_And_Cash_Management
IAUTM;Payment_And_Cash_Management
IAUTO;Payment_And_Cash_Management
IBAT1;Payment_And_Cash_Management
IBATA;Core_Banking
IBATC;Core_Banking
IBATF;Core_Banking
IBATO;Core_Banking
IBBD4;Core_Banking
IBBDO;Core_Banking
IBDDO;Financial_Markets
IBDHO;Financial_Markets
IBITO;Financial_Markets
IBSPC;Core_Banking
IBTF1;Financial_Markets
IBTF2;Financial_Markets
IBTF5;Financial_Markets
IBTI1;Financial_Markets
IBTI5;Financial_Markets
IBVD1;Financial_Markets
IBVD5;Financial_Markets
ICBRM;Financial_Markets
ICBRO;Financial_Markets
ICCFB;Financial_Markets
ICCFC;Financial_Markets
ICDCI;Payment_And_Cash_Management
ICDPI;Payment_And_Cash_Management
ICLF4;Payment_And_Cash_Management
ICNDL;Payment_And_Cash_Management
ICNDM;Payment_And_Cash_Management
ICNDO;Payment_And_Cash_Management
ICNF5;Payment_And_Cash_Management
ICNFL;Core_Banking
ICNFO;Payment_And_Cash_Management
ICNFS;Core_Banking
ICNLD;Core_Banking
ICNPC;Core_Banking
ICNRL;Core_Banking
ICNSC;Core_Banking
ICOE5;Core_Banking
ICOF5;Core_Banking
ICOLB;Core_Banking
ICOLC;Core_Banking
ICON5;Financial_Markets
ICOPC;Financial_Markets
ICOPL;Payment_And_Cash_Management
ICOPO;Payment_And_Cash_Management
ICOSP;Payment_And_Cash_Management
ICPDC;Financial_Markets
ICPIC;Financial_Markets
ICPRB;Financial_Markets
ICPRC;Financial_Markets
ICPRP;Financial_Markets
ICVB5;Financial_Markets
ICVBS;Financial_Markets
IDPLO;Lending
IEBAM;Lending
IERB5;Core_Banking
IERBS;Core_Banking
IERMO;Core_Banking
IEXC5;Core_Banking
IFASO;Financial_Markets
IFCP1;Financial_Markets
IFCPO;Financial_Markets
IFCSL;Payment_And_Cash_Management
IFCSO;Payment_And_Cash_Management
IFCTC;Financial_Markets
IFERS;Financial_Markets
IFFAO;Financial_Markets
IFFC1;Financial_Markets
IFFCL;Core_Banking
IFFCO;Financial_Markets
IFFDL;Financial_Markets
IFFDO;Financial_Markets
IFFE5;Financial_Markets
IFFOO;Financial_Markets
IFFPO;Financial_Markets
IFFT1;Financial_Markets
IFFTO;Financial_Markets
IFFVO;Financial_Markets
IFFVS;Financial_Markets
IFIRC;Financial_Markets
IFPIC;Financial_Markets
IFPSO;Financial_Markets
IFRAL;Financial_Markets
IFRAO;Financial_Markets
IFRCL;Financial_Markets
IFRCO;Financial_Markets
IFRE5;Financial_Markets
IFRPL;Financial_Markets
IFRPO;Financial_Markets
IFS800;Financial_Markets
IFSINP;Financial_Markets
IFSINS;Financial_Markets
IFSISS;Financial_Markets
IFSISW;Financial_Markets
IFSOSS;Financial_Markets
IFSOSW;Financial_Markets
IFSTDS;Financial_Markets
IFTCO;Financial_Markets
IFTSO;Financial_Markets
IFUPS;Financial_Markets
IFXAO;Financial_Markets
IFXCL;Financial_Markets
IFXCO;Financial_Markets
IFXE5;Financial_Markets
IFXPL;Financial_Markets
IFXPO;Financial_Markets
IGFFC;Financial_Markets
IGFRC;Financial_Markets
IGFXC;Financial_Markets
IGIRC;Financial_Markets
IGIRO;Financial_Markets
IGLDC;Financial_Markets
IGLDO;Financial_Markets
IGMI5;Financial_Markets
IGNOR;Core_Banking
IGOPC;Financial_Markets
IGTEC;Financial_Markets
IHMC5;Financial_Markets
IHMCL;Financial_Markets
IHMCS;Financial_Markets
IICFM;Payment_And_Cash_Management
IICSO;Financial_Markets
IIFF1;Financial_Markets
IIFF5;Financial_Markets
IIFFO;Financial_Markets
IIFFS;Financial_Markets
IIFR1;Financial_Markets
IIFR5;Financial_Markets
IIFRA;Financial_Markets
IIFRO;Financial_Markets
IIFXO;Financial_Markets
IIFXS;Financial_Markets
IIFXT;Financial_Markets
IIIR1;Financial_Markets
IIIR5;Financial_Markets
IILDA;Financial_Markets
IILDD;Financial_Markets
IILDM;Financial_Markets
IILDO;Financial_Markets
IINI5;Core_Banking
IINIF;Core_Banking
IINIM;Core_Banking
IINIO;Core_Banking
IINT5;Core_Banking
IINTL;Core_Banking
IINTM;Core_Banking
IINTO;Core_Banking
IIOP1;Financial_Markets
IIOP5;Financial_Markets
IIOPO;Financial_Markets
IIPH5;Financial_Markets
IIPI1;Financial_Markets
IIPI2;Financial_Markets
IIPIO;Financial_Markets
IIRE5;Financial_Markets
IIRGM;Core_Banking
IIRSO;Financial_Markets
IITEC;Financial_Markets
ILACDLYPL;Core_Banking
ILAFFLOADN;Core_Banking
ILAUDFFTTM;Core_Banking
ILAUDIT;Core_Banking
ILAUDITFFT;Core_Banking
ILAUDITLO3;Core_Banking
ILAUDITLON;Core_Banking
ILAUTDCSTA;Core_Banking
ILBGEFOREX;Financial_Markets
ILBGEFRA;Financial_Markets
ILBGEIRCS;Financial_Markets
ILBGEIRF;Financial_Markets
ILBGELOADE;Financial_Markets
ILBGEOPT;Core_Banking
ILBGEVDL;Core_Banking
ILBGEVOL;Core_Banking
ILBOEAGIN2;Core_Banking
ILBOEDEP50;Core_Banking
ILBOEDEP52;Lending
ILCHKDUP1;Lending
ILCNFDCSTB;Payment_And_Cash_Management
ILCNFFRA;Financial_Markets
ILCNFIRS;Financial_Markets
ILCNFLDFX;Financial_Markets
ILCNFMAN;Financial_Markets
ILCNFOPT;Financial_Markets
ILCNFTXT;Financial_Markets
ILCOMPBTS;Financial_Markets
ILCOMWARFR;Financial_Markets
ILCOMWARFX;Financial_Markets
ILCOMWARIR;Financial_Markets
ILCOMWARLD;Financial_Markets
ILCONSELFR;Financial_Markets
ILCONSELFX;Financial_Markets
ILCONSELLD;Financial_Markets
ILCONSELSC;Lending
ILCONSLIRS;Lending
ILCONSLLD2;Financial_Markets
ILCTMFX;Financial_Markets
ILCTMMM;Financial_Markets
ILCTPPHO;Financial_Markets
ILDAO;Financial_Markets
ILDAYMVTFR;Financial_Markets
ILDAYMVTFX;Financial_Markets
ILDAYMVTIR;Financial_Markets
ILDAYMVTLD;Financial_Markets
ILDAYMVTOP;Financial_Markets
ILDCL;Payment_And_Cash_Management
ILDCO;Payment_And_Cash_Management
ILDE5;Payment_And_Cash_Management
ILDEALNUM;Financial_Markets
ILDEALPMAT;Financial_Markets
ILDEALTICK;Financial_Markets
ILDLCTP;Financial_Markets
ILDLLCRED;Financial_Markets
ILDLLCSS12;Lending
ILDLLIOPTS;Lending
ILDLLMIS1;Lending
ILDLLSTPMT;Financial_Markets
ILDLYACCF3;Financial_Markets
ILDLYACCFR;Core_Banking
ILDLYACCFX;Financial_Markets
ILDLYACCIR;Financial_Markets
ILDLYACCL3;Financial_Markets
ILDLYACCLD;Financial_Markets
ILDLYMRGLD;Financial_Markets
ILDLYMVCUS;Financial_Markets
ILDLYVLM2;Financial_Markets
ILDLYVLMRP;Financial_Markets
ILDOCTCOM;Core_Banking
ILDOCTINV;Core_Banking
ILDOCTMAT;Lending
ILDPL;Financial_Markets
ILDPO;Financial_Markets
ILDTL;Financial_Markets
ILEURREP01;Financial_Markets
ILEXPBNK50;Lending
ILEXPCLI50;Lending
ILFOREXIN;Financial_Markets
ILFRAIN;Financial_Markets
ILFRAOUT;Financial_Markets
ILFRDEALTK;Financial_Markets
ILFRRDSTRS;Financial_Markets
ILFRTRANSA;Financial_Markets
ILFWDCONAL;Financial_Markets
ILFWDOUTCU;Financial_Markets
ILFWDOUTVA;Financial_Markets
ILFXBTSTRA;Financial_Markets
ILFXBYCCY;Financial_Markets
ILFXDEALIN;Financial_Markets
ILFXDEALTK;Financial_Markets
ILFXDLTICK;Financial_Markets
ILFXMAS;Financial_Markets
ILFXMTMVAL;Financial_Markets
ILFXTRANSA;Financial_Markets
ILHISFR;Financial_Markets
ILHISFX;Financial_Markets
ILHISLD;Financial_Markets
ILHMC;Financial_Markets
ILINTBASRT;Core_Banking
ILINVFLAT;Financial_Markets
ILINVSEL;Financial_Markets
ILIRFDEATK;Financial_Markets
ILIRFLP;Financial_Markets
ILIRFOP;Financial_Markets
ILIRFPC;Financial_Markets
ILIRFTDY;Financial_Markets
ILIRFTRA;Financial_Markets
ILIRSDEATK;Financial_Markets
ILIRSGFI;Financial_Markets
ILIRSINFO;Financial_Markets
ILIRSTRA;Financial_Markets
ILISIMAUT;Financial_Markets
ILISPIO;Financial_Markets
ILJUSPDACC;Financial_Markets
ILJUSRAEOM;Core_Banking
ILLDBTSTRA;Financial_Markets
ILLDCONAL;Financial_Markets
ILLDDEALIN;Financial_Markets
ILLDICHK;Financial_Markets
ILLDOUTCU;Financial_Markets
ILLDOUTTER;Financial_Markets
ILLDTRANSA;Financial_Markets
ILLISTESP;Financial_Markets
ILLNG;Financial_Markets
ILLONDEPIN;Financial_Markets
ILLSTCOMP;Financial_Markets
ILLSTPAYDL;Financial_Markets
ILLSTWARFR;Financial_Markets
ILLSTWARFX;Financial_Markets
ILLSTWARIR;Financial_Markets
ILLSTWARLD;Financial_Markets
ILMKGDBBMB;Core_Banking
ILMLYMRGLD;Financial_Markets
ILNCUDTPOS;Financial_Markets
ILNCUDTRPO;Financial_Markets
ILNG5;Financial_Markets
ILNGL;Financial_Markets
ILNGS;Financial_Markets
ILNOSDTBND;Financial_Markets
ILNOSDTFUT;Core_Banking
ILNOSDTPO2;Core_Banking
ILNOSDTPOS;Core_Banking
ILNOSDTRPO;Core_Banking
ILNSETFRA;Financial_Markets
ILOPDEATDY;Financial_Markets
ILOPLGRACC;Financial_Markets
ILOPLSTMTH;Financial_Markets
ILOPMATMTH;Financial_Markets
ILOPMTHTOD;Financial_Markets
ILOPTEXPDT;Financial_Markets
ILOUFWCVDE;Financial_Markets
ILOUTCCYPA;Financial_Markets
ILOUTFRASU;Financial_Markets
ILOUTFXEOQ;Financial_Markets
ILOUTINVMA;Financial_Markets
ILOUTINVSU;Financial_Markets
ILOUTIRBKG;Financial_Markets
ILOUTIRS;Financial_Markets
ILOUTMATLD;Financial_Markets
ILOUTOPCTP;Financial_Markets
ILOUTOPTTY;Financial_Markets
ILOUTRR;Financial_Markets
ILPAL;Financial_Markets
ILPAM;Financial_Markets
ILPAO;Financial_Markets
ILPAYINADV;Financial_Markets
ILPMTCHG;Financial_Markets
ILPMTDTEDC;Financial_Markets
ILPOSIRS;Financial_Markets
ILPRCNFNP;Financial_Markets
ILPRCNFSTA;Financial_Markets
ILPRINTCNF;Financial_Markets
ILPRPMTNOS;Financial_Markets
ILPRPMTSTA;Financial_Markets
ILPYISTINT;Financial_Markets
ILRCCNF;Financial_Markets
ILRESIRS;Financial_Markets
ILSELCONOP;Financial_Markets
ILSETFRA;Financial_Markets
ILSHNABSNT;Financial_Markets
ILSIMPMEM;Lending
ILSIMPREP;Lending
ILSPFWISO;Financial_Markets
ILSPFWOUT;Financial_Markets
ILSPOTFLAT;Financial_Markets
ILSTMBAL;Financial_Markets
ILSTMDEP;Financial_Markets
ILSTMSUM;Financial_Markets
ILSTMTRG;Financial_Markets
ILSTPMTINS;Financial_Markets
ILSUMCUS;Financial_Markets
ILSUMMVTFR;Financial_Markets
ILSUMMVTFX;Financial_Markets
ILSUMMVTIR;Financial_Markets
ILSUMMVTLD;Financial_Markets
ILTKOIFFDO;Financial_Markets
ILTRSDEAL;Financial_Markets
ILWARDTEDC;Financial_Markets
ILWAROPTEX;Financial_Markets
ILXDWAR;Financial_Markets
IMAGC;Core_Banking
IMAGO;Core_Banking
IMBI5;Core_Banking
IMBT5;Core_Banking
IMCO5;Financial_Markets
IMFC5;Financial_Markets
IMFR5;Financial_Markets
IMFT5;Financial_Markets
IMFX5;Financial_Markets
IMIF5;Financial_Markets
IMIR5;Financial_Markets
IMLD5;Financial_Markets
IMLN1;Payment_And_Cash_Management
IMMLC;Payment_And_Cash_Management
IMOP5;Financial_Markets
IMSP5;Financial_Markets
IMSPD;Financial_Markets
IMSPM;Financial_Markets
INETL;Financial_Markets
INETM;Financial_Markets
INETO;Financial_Markets
INOSL;Financial_Markets
INOSM;Core_Banking
INOSO;Core_Banking
INQUS;Core_Banking
INVMO;Core_Banking
IOASO;Financial_Markets
IODU5;Financial_Markets
IODUL;Financial_Markets
IODUS;Financial_Markets
IOFF5;Financial_Markets
IOFFC;Financial_Markets
IOPCL;Financial_Markets
IOPCO;Financial_Markets
IOPE5;Financial_Markets
IOPEC;Financial_Markets
IOPPL;Financial_Markets
IOPPO;Financial_Markets
IOPT1;Financial_Markets
IOPTC;Financial_Markets
IOPTL;Financial_Markets
IOPTS;Financial_Markets
IOSTM;Payment_And_Cash_Management
IPAPC;Financial_Markets
IPASC;Financial_Markets
IPCOM;Financial_Markets
IPFXC;Financial_Markets
IPIBO;Financial_Markets
IPII5;Financial_Markets
IPIIF;Financial_Markets
IPIIO;Financial_Markets
IPMTL;Financial_Markets
IPMTM;Financial_Markets
IPMTO;Financial_Markets
IPOCC;Financial_Markets
IPRO4;Financial_Markets
IPTDC;Financial_Markets
IPTI1;Financial_Markets
IPTI2;Financial_Markets
IPTI5;Financial_Markets
IPTIC;Financial_Markets
IPTIL;Financial_Markets
IPTIO;Financial_Markets
IPWDL;Financial_Markets
IPWDM;Core_Banking
IPWDO;Core_Banking
IRCL1;Core_Banking
IRCL3;Core_Banking
IRCL5;Financial_Markets
IRCPC;Financial_Markets
IRCV1;Financial_Markets
IRCVO;Financial_Markets
IRFR5;Financial_Markets
IRFRL;Financial_Markets
IRFRM;Financial_Markets
IRFRO;Financial_Markets
IRS1A;Financial_Markets
IRS2A;Financial_Markets
IRSAO;Financial_Markets
IRSCL;Financial_Markets
IRSCO;Financial_Markets
IRSLQ;Financial_Markets
IRSPL;Financial_Markets
IRSPO;Financial_Markets
IRSSC;Financial_Markets
IRSTM;Financial_Markets
IRSTR;Financial_Markets
IRSWL;Financial_Markets
ISAVO;Core_Banking
ISBD1;Core_Banking
ISCO1;Financial_Markets
ISFR1;Financial_Markets
ISFRC;Financial_Markets
ISFX1;Financial_Markets
ISFX2;Financial_Markets
ISIF1;Financial_Markets
ISIF5;Financial_Markets
ISIFO;Financial_Markets
ISIM4;Lending
ISIM5;Lending
ISIM6;Lending
ISIMC;Lending
ISIML;Lending
ISIMO;Lending
ISIMS;Lending
ISIR1;Financial_Markets
ISLD1;Financial_Markets
ISOS1;Financial_Markets
ISOS2;Financial_Markets
ISOS3;Financial_Markets
ISOS4;Financial_Markets
ISPIL;Financial_Markets
ISPIO;Financial_Markets
ISSLC;Financial_Markets
ISSTI;Payment_And_Cash_Management
ISTAC;Financial_Markets
ISTL4;Financial_Markets
ISTL5;Financial_Markets
ISTLO;Payment_And_Cash_Management
ISTM1;Payment_And_Cash_Management
ISTM4;Payment_And_Cash_Management
ISTM5;Payment_And_Cash_Management
ISTMC;Payment_And_Cash_Management
ISTMO;Payment_And_Cash_Management
ISTMT;Payment_And_Cash_Management
ISTMZ;Payment_And_Cash_Management
ISTPM;Payment_And_Cash_Management
ISWCO;Core_Banking
ISWCS;Core_Banking
ITCFO;Payment_And_Cash_Management
ITEC5;Payment_And_Cash_Management
ITECO;Core_Banking
ITECX;Financial_Markets
ITIRO;Financial_Markets
ITITL;Lending
ITITO;Core_Banking
ITLDO;Financial_Markets
ITOL5;Financial_Markets
ITOLL;Core_Banking
ITOLM;Payment_And_Cash_Management
ITOLO;Payment_And_Cash_Management
ITXT5;Payment_And_Cash_Management
ITXTM;Core_Banking
ITXTO;Core_Banking
IUAUDTBL;Core_Banking
IUAUDTBLES;Core_Banking
IUAUTOSCAN;Core_Banking
IUBOEB7SEL;Core_Banking
IUCHGCTP;Core_Banking
IUCHGPFTL3;Core_Banking
IUCHKCNF;Financial_Markets
IUCHKSTM;Payment_And_Cash_Management
IUCHSCNF;Financial_Markets
IUCLNCNF;Financial_Markets
IUCLNINT;Financial_Markets
IUCLNSTM;Financial_Markets
IUCLNTBL;Core_Banking
IUCLNTBLES;Core_Banking
IUCLNUPBD;Core_Banking
IUCLRATE;Core_Banking
IUCNF;Payment_And_Cash_Management
IUCNF2;Payment_And_Cash_Management
IUCNVNOSRE;Payment_And_Cash_Management
IUCPRDBKG;Payment_And_Cash_Management
IUCRECNF;Financial_Markets
IUCRSWPM2;Financial_Markets
IUCUTOFTIM;Financial_Markets
IUDELCON;Financial_Markets
IUDELILDAO;Core_Banking
IUDELISIMO;Lending
IUDLYABFRA;Financial_Markets
IUDLYABIRF;Financial_Markets
IUDLYABIRS;Financial_Markets
IUDLYABOPT;Financial_Markets
IUDLYACCAB;Financial_Markets
IUERRIPU;Financial_Markets
IUEXPSSI;Financial_Markets
IUFDSIMP;Financial_Markets
IUFDSIMPOS;Financial_Markets
IUFDSIMPRO;Financial_Markets
IUFILIBTF5;Financial_Markets
IUFILIBTI5;Financial_Markets
IUFILIIPH5;Financial_Markets
IUFILIMFX5;Financial_Markets
IUFILIMLD5;Financial_Markets
IUFILLSAV1;Financial_Markets
IUFILLSAV4;Financial_Markets
IUFILLSAVO;Financial_Markets
IUFLSHN;Financial_Markets
IUFRASET;Financial_Markets
IUFRTRPTRA;Financial_Markets
IUFUTIRS;Financial_Markets
IUFXCTPUPD;Financial_Markets
IUFXTRPTRA;Financial_Markets
IUICVBSDEL;Financial_Markets
IUINIPMTDT;Financial_Markets
IUINIWARDT;Core_Banking
IUINTBTS;Core_Banking
IUINTIRS;Core_Banking
IUINVFRA;Financial_Markets
IUINVFX;Financial_Markets
IUINVIRF;Financial_Markets
IUINVIRS;Financial_Markets
IUINVLD;Financial_Markets
IUINVOP;Financial_Markets
IUIPUBART;Financial_Markets
IUIPUSWF;Payment_And_Cash_Management
IUIRFMRG;Financial_Markets
IUIRFTRPTR;Financial_Markets
IUIRMACK;Core_Banking
IUIRSFIX;Financial_Markets
IUIRSTRPTR;Financial_Markets
IUISPIODEL;Financial_Markets
IULDIRF;Financial_Markets
IULDIRFCON;Financial_Markets
IULDIRSTR;Financial_Markets
IULDITXTO;Core_Banking
IULDRCNV;Financial_Markets
IULDRDSFF;Financial_Markets
IULDRDSFFC;Financial_Markets
IULDRDSFFM;Financial_Markets
IULDRDSFR;Financial_Markets
IULDRDSIR;Financial_Markets
IULDRDSOP;Financial_Markets
IULDTRPTRA;Financial_Markets
IULDWSIRS;Financial_Markets
IULOADFRTR;Financial_Markets
IULOADFXTR;Financial_Markets
IULOADLC;Lending
IULOADLDTR;Financial_Markets
IUMAKERIS;Core_Banking
IUMKSWCN2;Financial_Markets
IUMLYACCF3;Financial_Markets
IUMLYACCFF;Financial_Markets
IUMLYACCFR;Financial_Markets
IUMLYACCIR;Financial_Markets
IUMLYACCL3;Financial_Markets
IUNETCOPM;Core_Banking
IUNMI;Core_Banking
IUNOSCHG;Core_Banking
IUNOSCHG2;Core_Banking
IUNOSVALDL;Core_Banking
IUNOSVALMT;Core_Banking
IUOPTRPTRA;Financial_Markets
IUPAYLOAD;Financial_Markets
IUPDSIMP;Financial_Markets
IURECCON;Financial_Markets
IUREMMATFR;Financial_Markets
IUREMMATFX;Financial_Markets
IUREMMATIF;Financial_Markets
IUREMMATIR;Financial_Markets
IUREMMATLD;Financial_Markets
IUREMMATOP;Financial_Markets
IUREMRCNV;Financial_Markets
IURINPSWF;Financial_Markets
IUSELCONPM;Financial_Markets
IUSELDAYCN;Financial_Markets
IUSELPM;Financial_Markets
IUSTMLST;Financial_Markets
IUSWFACK;Payment_And_Cash_Management
IUTECDL;Payment_And_Cash_Management
IUTKOSWF2;Payment_And_Cash_Management
IUUPDIFXCO;Payment_And_Cash_Management
IUUPDIILDO;Core_Banking
IUUPDIRCS;Core_Banking
IUUPDITLDO;Core_Banking
IUUPDPFCFR;Payment_And_Cash_Management
IUUPDPFCIR;Payment_And_Cash_Management
IVFFC;Financial_Markets
IVFRC;Financial_Markets
IVFXC;Financial_Markets
IVLDC;Financial_Markets
IVOPC;Financial_Markets
IWARL;Core_Banking
IWARM;Core_Banking
IWARO;Core_Banking
IWODL;Core_Banking
IWODM;Core_Banking
IWODO;Core_Banking
IWSSI;Core_Banking
IWSSO;Financial_Markets
JAACORDPBD;Core_Banking
JAAUAHLBO;Core_Banking
JAAUDRSMO;Core_Banking
JTCCCMTLO;Core_Banking
JTCCDRIM;Core_Banking
JTCCREM;Core_Banking
JTCRLCBNS;Core_Banking
JTDCNDO;Core_Banking
JTDCNDO2;Core_Banking
JTLCORO;Core_Banking
JTREPADETS;Core_Banking
JTUPDIILDO;Core_Banking
JTUPDTLOC;Core_Banking
LADR4;Core_Banking
LBGR4;Core_Banking
LBGRL;Core_Banking
LBGRS;Core_Banking
LBIRO;Payment_And_Cash_Management
LBRA1;Payment_And_Cash_Management
LBRA4;Payment_And_Cash_Management
LBRA5;Payment_And_Cash_Management
LBRAL;Core_Banking
LBRAS;Core_Banking
LBRC4;Financial_Markets
LBRCL;Financial_Markets
LBRCS;Financial_Markets
LBRO1;Financial_Markets
LBRO5;Financial_Markets
LBROL;Core_Banking
LBROS;Core_Banking
LBSK5;Core_Banking
LBSK6;Core_Banking
LBSKL;Core_Banking
LBSKM;Core_Banking
LBSKS;Core_Banking
LCBIM;Core_Banking
LCBN5;Core_Banking
LCBN6;Core_Banking
LCBNL;Core_Banking
LCBNM;Core_Banking
LCBNS;Core_Banking
LCCC5;Core_Banking
LCCC6;Core_Banking
LCCCL;Core_Banking
LCCCM;Core_Banking
LCCCS;Core_Banking
LCCY1;Core_Banking
LCCY5;Core_Banking
LCCY6;Core_Banking
LCCY7;Core_Banking
LCCY8;Core_Banking
LCCYL;Core_Banking
LCCYS;Core_Banking
LCGR1;Core_Banking
LCGR5;Core_Banking
LCGR6;Core_Banking
LCGR7;Core_Banking
LCGRL;Core_Banking
LCGRS;Core_Banking
LCI1C;Core_Banking
LCI2C;Core_Banking
LCI3C;Core_Banking
LCI4C;Core_Banking
LCI5C;Core_Banking
LCI6C;Core_Banking
LCI7C;Core_Banking
LCIY1;Core_Banking
LCIY5;Core_Banking
LCIY6;Core_Banking
LCIYL;Core_Banking
LCIYS;Core_Banking
LCLI4;Core_Banking
LCLI5;Core_Banking
LCLIL;Core_Banking
LCLIS;Core_Banking
LCOR1;Core_Banking
LCOR5;Core_Banking
LCORC;Core_Banking
LCORO;Core_Banking
LCP1C;Core_Banking
LCP2C;Core_Banking
LCP3C;Core_Banking
LCP4C;Core_Banking
LCP5C;Core_Banking
LCP6C;Core_Banking
LCP7C;Core_Banking
LCPS1;Core_Banking
LCPS5;Core_Banking
LCPSL;Core_Banking
LCPSS;Core_Banking
LCRY1;Core_Banking
LCRY5;Core_Banking
LCRY6;Core_Banking
LCRY7;Core_Banking
LCRYL;Core_Banking
LCRYS;Core_Banking
LCSI1;Core_Banking
LCSI4;Core_Banking
LCSTL;Core_Banking
LCSTM;Core_Banking
LCSTS;Core_Banking
LCT21;Core_Banking
LCT2C;Core_Banking
LCT31;Core_Banking
LCT3C;Core_Banking
LCTI5;Core_Banking
LCTIF;Core_Banking
LCTIO;Core_Banking
LCTP1;Core_Banking
LCTP5;Core_Banking
LCTPL;Core_Banking
LCTPS;Core_Banking
LCTS5;Core_Banking
LCTS6;Core_Banking
LCTSL;Core_Banking
LCTSM;Core_Banking
LCTSO;Core_Banking
LEBAO;Lending
LELC1;Lending
LELC5;Lending
LELCL;Core_Banking
LELCS;Core_Banking
LELI5;Core_Banking
LELIC;Core_Banking
LELIF;Core_Banking
LELIO;Core_Banking
LGR1C;Core_Banking
LGR1M;Core_Banking
LGR2C;Core_Banking
LGR2M;Core_Banking
LGR3C;Core_Banking
LGR3M;Core_Banking
LGR4C;Core_Banking
LGR4M;Core_Banking
LGRD5;Core_Banking
LGRDL;Core_Banking
LGRDO;Core_Banking
LGRRM;Core_Banking
LGXFL;Core_Banking
LGXFO;Core_Banking
LHLP1;Core_Banking
LHOL5;Core_Banking
LHOLL;Core_Banking
LHOLM;Core_Banking
LHOLO;Core_Banking
LIBAN;Core_Banking
libulinc.so;Core_Banking
LLALPHA1;Core_Banking
LLBRCS;Financial_Markets
LLBRCSAUT;Financial_Markets
LLBROS;Financial_Markets
LLCBNM;Financial_Markets
LLCCYAUT;Financial_Markets
LLCCYCRY;Financial_Markets
LLCHKRISAC;Financial_Markets
LLCITY;Financial_Markets
LLCPCUS;Financial_Markets
LLCRYAUT;Financial_Markets
LLCRYCCY;Financial_Markets
LLCTPAUT;Financial_Markets
LLCTPCLI;Financial_Markets
LLCTPECO;Financial_Markets
LLCTPLST;Financial_Markets
LLCTPRCN;Financial_Markets
LLCTPTRSTU;Financial_Markets
LLCURRENCY;Financial_Markets
LLCUSDEAL;Lending
LLDLLCTPTY;Lending
LLDLLLCRYS;Lending
LLDLLLCTSO;Lending
LLDLLRDS;Core_Banking
LLFULLNAME;Core_Banking
LLOADPRD01;Core_Banking
LLOADPRD02;Core_Banking
LLOADPRD03;Core_Banking
LLOADPRD04;Core_Banking
LLOADPRD05;Core_Banking
LLOADPRD06;Core_Banking
LLOADPRD07;Core_Banking
LLOADPRD08;Core_Banking
LLOADPRD09;Core_Banking
LLOADPRD10;Core_Banking
LLOADPRD11;Core_Banking
LLOADPRD12;Core_Banking
LLOADPRD13;Core_Banking
LLOADPRD14;Core_Banking
LLOADPRD15;Core_Banking
LLOADPRD16;Core_Banking
LLOADPRD17;Core_Banking
LLPACBAL;Core_Banking
LLPACTRA;Core_Banking
LLPERSAUT;Core_Banking
LLPERSON01;Core_Banking
LLPERSON02;Core_Banking
LLPERSON03;Core_Banking
LLPMBRAAUT;Core_Banking
LLPRDDIC01;Core_Banking
LLPRDDIC02;Core_Banking
LLSTOCK1;Core_Banking
LOGOF;Core_Banking
LOGON;Core_Banking
LOJ;Core_Banking
LOJ10;Core_Banking
LOJ11;Core_Banking
LOJ12;Core_Banking
LOJ13;Core_Banking
LOJ14;Core_Banking
LOJ15;Core_Banking
LOJ16;Core_Banking
LOJ17;Core_Banking
LOJ18;Core_Banking
LOJ2;Core_Banking
LOJ3;Core_Banking
LOJ4;Core_Banking
LOJ5;Core_Banking
LOJ6;Core_Banking
LOJ7;Core_Banking
LOJ8;Core_Banking
LOJ9;Core_Banking
LOJBMG;Core_Banking
LOJCCR;Core_Banking
LOJCORO;Core_Banking
LOJDCNDO;Core_Banking
LOJDELMVT;Core_Banking
LOJDINR;Core_Banking
LOJDLSTRUN;Core_Banking
LOJEOD;Core_Banking
LOJGCNVO;Core_Banking
LOJGPARO;Core_Banking
LOJHOL;Core_Banking
LOJHOL2;Core_Banking
LOJICNFS;Core_Banking
LOJMM2;Core_Banking
LOJMM3;Core_Banking
LOJMVTDEL;Core_Banking
LOJPSD;Core_Banking
LOJREFER;Core_Banking
LOJREFER3;Core_Banking
LOJRFDIPTO;Core_Banking
LOJRPSCH;Core_Banking
LOJTMP;Core_Banking
LOJVBAL;Core_Banking
LPHI5;Core_Banking
LPHIC;Core_Banking
LPHIF;Core_Banking
LPHIO;Core_Banking
LPHY1;Core_Banking
LPHYC;Core_Banking
LPHYL;Core_Banking
LPHYS;Core_Banking
LPI1M;Core_Banking
LPI2M;Core_Banking
LPI3M;Core_Banking
LPI5C;Core_Banking
LPIFM;Core_Banking
LPIIM;Core_Banking
LPILM;Core_Banking
LPMM1;Core_Banking
LPMM5;Core_Banking
LPMML;Core_Banking
LPRC4;Core_Banking
LPRC5;Core_Banking
LPRCL;Core_Banking
LPRCM;Core_Banking
LPRCO;Core_Banking
LPRD1;Core_Banking
LPRD4;Core_Banking
LPRDL;Core_Banking
LPRDS;Core_Banking
LPRF5;Core_Banking
LPRFS;Core_Banking
LPSI5;Core_Banking
LPSIC;Core_Banking
LPSIF;Core_Banking
LPSIO;Core_Banking
LPSN1;Core_Banking
LPSN4;Core_Banking
LPSN5;Core_Banking
LPSNL;Core_Banking
LPSNS;Core_Banking
LPT1I;Core_Banking
LPT2I;Core_Banking
LPT3I;Core_Banking
LPTFI;Core_Banking
LPTI5;Core_Banking
LPTIF;Core_Banking
LPTII;Core_Banking
LPTLI;Core_Banking
LRCE4;Core_Banking
LRCEL;Core_Banking
LRCEM;Core_Banking
LRCEO;Core_Banking
LRCES;Core_Banking
LRCLL;Core_Banking
LRES1;Core_Banking
LRES4;Core_Banking
LRESS;Core_Banking
LSLUTIL;Core_Banking
LSLUTIL2;Core_Banking
LSLUTIL3;Core_Banking
LSUP4;Core_Banking
LSUPL;Core_Banking
LSUPS;Core_Banking
LSUT1;Core_Banking
LSUTC;Core_Banking
LTAR1;Core_Banking
LTAR5;Core_Banking
LTARO;Payment_And_Cash_Management
LUARPPM;Core_Banking
LUCACZ;Core_Banking
LUCBNRIS;Core_Banking
LUCLNPSNAD;Core_Banking
LUCTPRIS;Core_Banking
LUDLYLGRDO;Core_Banking
LUGRID1;Core_Banking
LULDCUSDUB;Core_Banking
LULDLGRDO;Core_Banking
LULDRISPRC;Core_Banking
LULDTARGET;Payment_And_Cash_Management
LULOADBCOR;Core_Banking
LULOADFAM;Core_Banking
LULOADHOL;Core_Banking
LUMQGRID;Core_Banking
LUNYCLCTPS;Core_Banking
LUPDRCEPMM;Core_Banking
LURISCRE;Core_Banking
LUUPDACCOF;Core_Banking
M101C;Payment_And_Cash_Management
M101F;Payment_And_Cash_Management
M102C;Payment_And_Cash_Management
MDPURGEGEX;Core_Banking
MH101;Payment_And_Cash_Management
MH102;Payment_And_Cash_Management
MI101;Payment_And_Cash_Management
MI102;Payment_And_Cash_Management
MIC1C;Payment_And_Cash_Management
MIC1F;Payment_And_Cash_Management
MIC1I;Payment_And_Cash_Management
MIC2C;Payment_And_Cash_Management
MIC2I;Payment_And_Cash_Management
MICC1;Payment_And_Cash_Management
MICCC;Payment_And_Cash_Management
MICCF;Payment_And_Cash_Management
MICDA;Core_Banking
MICH1;Core_Banking
MICHA;Payment_And_Cash_Management
MICO1;Payment_And_Cash_Management
MICOD;Payment_And_Cash_Management
MIDDC;Payment_And_Cash_Management
MIEXC;Payment_And_Cash_Management
MII1C;Payment_And_Cash_Management
MII2C;Payment_And_Cash_Management
MII3C;Payment_And_Cash_Management
MII3F;Payment_And_Cash_Management
MII3I;Payment_And_Cash_Management
MII4C;Payment_And_Cash_Management
MII4I;Payment_And_Cash_Management
MIII1;Payment_And_Cash_Management
MIIRC;Payment_And_Cash_Management
MIO1C;Payment_And_Cash_Management
MIO2C;Payment_And_Cash_Management
MIO3C;Payment_And_Cash_Management
MIO3F;Payment_And_Cash_Management
MIO3I;Payment_And_Cash_Management
MIO4C;Payment_And_Cash_Management
MIO4I;Payment_And_Cash_Management
MIOI1;Payment_And_Cash_Management
MIORC;Payment_And_Cash_Management
MIXX1;Payment_And_Cash_Management
MIXXC;Payment_And_Cash_Management
MIXXF;Payment_And_Cash_Management
MLPTACC;Payment_And_Cash_Management
MLPTCTP;Payment_And_Cash_Management
MLPTEXC;Payment_And_Cash_Management
MLPTFAC;Payment_And_Cash_Management
MLPTGUA;Payment_And_Cash_Management
MLPTSEC;Payment_And_Cash_Management
MNDEF;Payment_And_Cash_Management
MOC1C;Payment_And_Cash_Management
MOC1F;Payment_And_Cash_Management
MOC1I;Payment_And_Cash_Management
MOC2C;Payment_And_Cash_Management
MOC2I;Payment_And_Cash_Management
MP101;Payment_And_Cash_Management
MP102;Payment_And_Cash_Management
MUMKMT100;Payment_And_Cash_Management
MUMKMT101;Core_Banking
MUPMNTACC;Payment_And_Cash_Management
MUPMNTPRT;Core_Banking
MUPMNTSIN;Core_Banking
MWTEST9;Core_Banking
NPDEF;Core_Banking
NWSMN;Core_Banking
PASCH;Core_Banking
PGFILO101;Core_Banking
PRDEF;Payment_And_Cash_Management
PRNTR;Core_Banking
PRSI5;Core_Banking
PRSIC;Core_Banking
PRSIF;Core_Banking
PRSIO;Core_Banking
PRSNL;Core_Banking
RCHD5;Payment_And_Cash_Management
RCHDS;Payment_And_Cash_Management
RCHQ4;Payment_And_Cash_Management
RCHQ5;Payment_And_Cash_Management
RCHQC;Payment_And_Cash_Management
RCHQS;Payment_And_Cash_Management
RCHR1;Payment_And_Cash_Management
RCHR5;Payment_And_Cash_Management
RCHRO;Payment_And_Cash_Management
RCHSC;Payment_And_Cash_Management
RCOC4;Payment_And_Cash_Management
RCOC5;Payment_And_Cash_Management
RCOCC;Payment_And_Cash_Management
RCOCS;Payment_And_Cash_Management
RCOD5;Payment_And_Cash_Management
RCODS;Payment_And_Cash_Management
RCON6;Core_Banking
RCPV6;Financial_Markets
RCRY5;Financial_Markets
RCUV6;Core_Banking
RCYV6;Lending
RDLR5;Lending
REFER;Core_Banking
REFFL;Core_Banking
RFMNU;Core_Banking
RFSEC;Core_Banking
RLCHQCLRBA;Payment_And_Cash_Management
RLCHQCLRSE;Payment_And_Cash_Management
RLCHQCOL;Payment_And_Cash_Management
RLFACDRAW;Lending
RMCREFOL;Core_Banking
RMDPBDOCOR;Core_Banking
RMENU;Core_Banking
RMGCNVODRF;Core_Banking
RMGCNVOSEP;Core_Banking
RMGPARO;Core_Banking
RMTRANUPD;Core_Banking
RMUPDFIDO;Core_Banking
RPDEF;Core_Banking
RPDES;Core_Banking
RPRP5;Core_Banking
RPSCH;Core_Banking
RPSEC;Core_Banking
RPSI5;Core_Banking
RPSIF;Core_Banking
RPSIM;Core_Banking
RPSTA;Core_Banking
RPSTD;Core_Banking
RPTEST;Core_Banking
RRSC5;Lending
RRSC6;Core_Banking
RSTRT;Core_Banking
RUCHQCLRMV;Payment_And_Cash_Management
RUCHQCLRSC;Core_Banking
RUCHQPUR;Payment_And_Cash_Management
RUCHQVALSC;Payment_And_Cash_Management
RUCOLCOV;Payment_And_Cash_Management
SBDEF;Payment_And_Cash_Management
SCDEF;Payment_And_Cash_Management
SCSEC;Payment_And_Cash_Management
SCSI5;Core_Banking
SCSIF;Core_Banking
SCSIM;Core_Banking
SECIO;Core_Banking
SECRL;Core_Banking
SECUR;Core_Banking
SIMCM;Core_Banking
SIMCO;Core_Banking
SPDEXTPMT;Core_Banking
SYSOP;Core_Banking
TJAENCRYPT;Core_Banking
TLDLDWH;Core_Banking
TLDLGRDRCN;Core_Banking
TLDLLRIS2;Core_Banking
TLDLVORTE2;Core_Banking
TLDLVORTE3;Core_Banking
TLDLVORTEX;Core_Banking
TMENU;Core_Banking
TOADETFAC;Lending
TOBACCO;Core_Banking
TOBARACCO1;Core_Banking
TOBARACCO2;Core_Banking
TOBARACCO3;Core_Banking
TOCMIACCO;Core_Banking
TOCMIACCO2;Core_Banking
TOCONDIS;Core_Banking
TODACCO;Core_Banking
TOFUTMVT;Core_Banking
TOGSEMO;Core_Banking
TOINTFOL;Core_Banking
TOLDACC;Core_Banking
TOLDACC2;Core_Banking
TOLDCUST;Core_Banking
TOLDLEDBAL;Core_Banking
TOLDVALBAL;Core_Banking
TOLSLFOLD;Core_Banking
TOMCUST;Core_Banking
TONOSREC;Core_Banking
TOSTMNUMB;Core_Banking
TOSYNSUB;Core_Banking
TSHNM;Lending
TSHNO;Core_Banking
TUCHGSWFAD;Core_Banking
UNLCKPRSNL;Core_Banking
UNLOCKBAT;Core_Banking
UPDDCNDO;Core_Banking
UPDGPARO;Core_Banking
WPABKTSGVC;Core_Banking
WPCOUNT;Core_Banking
WPDELCTP;Core_Banking
WPDELSECUR;Core_Banking
WPDLLADETS;Core_Banking
WPDLLCUST;Core_Banking
WPDUPIBATO;Core_Banking
WPIPMM;Core_Banking
WPIRCE;Core_Banking
WPIRCE2;Core_Banking
WPLOGDEL;Core_Banking
WPUPDADETS;Core_Banking
WPUPDASPAS;Core_Banking
WPUPDBAL;Core_Banking
XASYDBEXT5;Core_Banking
XBESY;Core_Banking
XFXA5;Core_Banking
XFXAS;Core_Banking
XFXCM;Core_Banking
XFXCO;Core_Banking
XFXTO;Core_Banking
XGAC4;Core_Banking
XGACM;Core_Banking
XGACS;Core_Banking
XGBA1;Core_Banking
XGBA4;Core_Banking
XGBA5;Core_Banking
XGBA6;Core_Banking
XGBA7;Core_Banking
XGBA8;Core_Banking
XGBAO;Core_Banking
XGBRM;Core_Banking
XGBU4;Core_Banking
XGBUL;Core_Banking
XGBUM;Core_Banking
XGBUO;Core_Banking
XGCAS;Core_Banking
XGDC1;Core_Banking
XGDC4;Core_Banking
XGDCL;Core_Banking
XGDCS;Core_Banking
XGDSM;Core_Banking
XGEF4;Core_Banking
XGEFM;Core_Banking
XGEFS;Core_Banking
XGMC4;Core_Banking
XGMCM;Core_Banking
XGMCS;Core_Banking
XGMVL;Core_Banking
XGMVO;Core_Banking
XGPA4;Core_Banking
XGPAB;Core_Banking
XGPAC;Core_Banking
XGPAL;Core_Banking
XGPAM;Core_Banking
XGPAO;Core_Banking
XGPAS;Core_Banking
XGPM4;Core_Banking
XGPML;Core_Banking
XGPMM;Core_Banking
XGPMO;Core_Banking
XGSAM;Core_Banking
XGSAS;Core_Banking
XHVB4;Core_Banking
XHVBM;Core_Banking
XHVBO;Core_Banking
XLACCRLIST;Core_Banking
XLBALANCE;Core_Banking
XLBALOPITM;Core_Banking
XLBUDLIST;Core_Banking
XLCREBIG;Core_Banking
XLCREBIGMU;Core_Banking
XLDLLCHQ;Core_Banking
XLDLLGEX;Core_Banking
XLDLLGXDAT;Core_Banking
XLEXPFLIST;Core_Banking
XLFXDEPPRO;Core_Banking
XLGEXAUT;Core_Banking
XLGEXINT;Core_Banking
XLINVCLIST;Core_Banking
XLMISCEOD;Core_Banking
XLMISCLIST;Core_Banking
XLPAYMDUE;Core_Banking
XLPAYMFLG;Core_Banking
XLPAYMLIST;Core_Banking
XLPMMBAL;Core_Banking
XLPMMLIST;Core_Banking
XLPREPLIST;Core_Banking
XLREFMISS;Core_Banking
XLRUBLIST;Core_Banking
XLSALREOD;Core_Banking
XLSALRLIST;Core_Banking
XLSUMRCE;Core_Banking
XLSUMRCERB;Core_Banking
XLSUMROOT;Core_Banking
XLSUMROT2;Core_Banking
XLSUMRUB;Core_Banking
XLSUMRUBRC;Core_Banking
XLSUPBAL;Core_Banking
XLSUPLIST;Core_Banking
XLTOTRBRC2;Core_Banking
XLTOTRCE;Core_Banking
XLTOTRCERB;Core_Banking
XLTOTRUB;Core_Banking
XLTOTRUB2;Core_Banking
XLTOTRUBRC;Core_Banking
XLTOTSUP;Core_Banking
XLTOTVAT;Core_Banking
XUCREPAYM;Core_Banking
XUFXCABS;Core_Banking
XUFXCREDS;Core_Banking
XUGEXBAL;Core_Banking
XUGEXRUB;Core_Banking
XUGEXUPD;Core_Banking
XULOADCHQL;Core_Banking
XULOADMISC;Core_Banking
ZBKT5;Core_Banking
